-- phpMyAdmin SQL Dump
-- version 5.2.1
-- https://www.phpmyadmin.net/
--
-- Host: 127.0.0.1
-- Generation Time: Feb 03, 2026 at 11:44 PM
-- Server version: 10.4.32-MariaDB
-- PHP Version: 8.2.12

SET SQL_MODE = "NO_AUTO_VALUE_ON_ZERO";
START TRANSACTION;
SET time_zone = "+00:00";


/*!40101 SET @OLD_CHARACTER_SET_CLIENT=@@CHARACTER_SET_CLIENT */;
/*!40101 SET @OLD_CHARACTER_SET_RESULTS=@@CHARACTER_SET_RESULTS */;
/*!40101 SET @OLD_COLLATION_CONNECTION=@@COLLATION_CONNECTION */;
/*!40101 SET NAMES utf8mb4 */;

--
-- Database: `bin_turki_tourism`
--

-- --------------------------------------------------------

--
-- Table structure for table `admins`
--

CREATE TABLE `admins` (
  `id` bigint(20) UNSIGNED NOT NULL,
  `first_name` varchar(255) NOT NULL,
  `last_name` varchar(255) NOT NULL,
  `role` varchar(255) NOT NULL,
  `created_at` timestamp NULL DEFAULT NULL,
  `updated_at` timestamp NULL DEFAULT NULL
) ENGINE=InnoDB DEFAULT CHARSET=utf8mb4 COLLATE=utf8mb4_unicode_ci;

--
-- Dumping data for table `admins`
--

INSERT INTO `admins` (`id`, `first_name`, `last_name`, `role`, `created_at`, `updated_at`) VALUES
(1, 'admin', 'admin', 'Administrator', '2026-01-22 14:29:27', '2026-01-22 14:29:27');

-- --------------------------------------------------------

--
-- Stand-in structure for view `admins_view`
-- (See below for the actual view)
--
CREATE TABLE `admins_view` (
`user_id` bigint(20) unsigned
,`admin_id` bigint(20) unsigned
,`first_name` varchar(255)
,`last_name` varchar(255)
,`role` varchar(255)
,`email` varchar(255)
,`avatar` varchar(255)
,`is_active` tinyint(1)
,`created_at` timestamp
);

-- --------------------------------------------------------

--
-- Table structure for table `appointments`
--

CREATE TABLE `appointments` (
  `id` bigint(20) UNSIGNED NOT NULL,
  `block_id` bigint(20) UNSIGNED NOT NULL,
  `start_date` datetime NOT NULL,
  `max_guests` int(11) DEFAULT NULL,
  `min_age` int(11) DEFAULT NULL,
  `available_spots` int(11) DEFAULT NULL,
  `is_active` tinyint(1) NOT NULL DEFAULT 1,
  `created_at` timestamp NULL DEFAULT NULL,
  `updated_at` timestamp NULL DEFAULT NULL
) ENGINE=InnoDB DEFAULT CHARSET=utf8mb4 COLLATE=utf8mb4_unicode_ci;

--
-- Dumping data for table `appointments`
--

INSERT INTO `appointments` (`id`, `block_id`, `start_date`, `max_guests`, `min_age`, `available_spots`, `is_active`, `created_at`, `updated_at`) VALUES
(1, 39, '2026-01-29 00:00:00', NULL, NULL, NULL, 1, '2026-01-25 17:20:54', '2026-01-25 17:20:54'),
(2, 40, '2026-01-30 00:00:00', NULL, NULL, NULL, 1, '2026-01-25 17:21:04', '2026-01-25 17:21:04'),
(3, 41, '2026-02-01 00:00:00', NULL, NULL, NULL, 1, '2026-01-25 17:21:14', '2026-01-25 17:21:14'),
(4, 40, '2026-01-26 00:00:00', NULL, NULL, NULL, 1, '2026-01-25 17:21:22', '2026-01-25 17:21:22'),
(5, 43, '2026-02-05 00:00:00', NULL, NULL, NULL, 1, '2026-01-25 17:21:32', '2026-01-25 17:21:32'),
(6, 44, '2026-02-07 00:00:00', NULL, NULL, NULL, 1, '2026-01-25 17:21:45', '2026-01-25 17:21:45'),
(7, 45, '2026-02-10 00:00:00', NULL, NULL, NULL, 1, '2026-01-25 17:21:54', '2026-01-25 17:21:54'),
(8, 46, '2026-02-12 00:00:00', NULL, NULL, NULL, 1, '2026-01-25 17:22:06', '2026-01-25 17:22:06'),
(9, 42, '2026-01-31 00:00:00', NULL, NULL, NULL, 1, '2026-01-25 18:32:55', '2026-01-25 18:32:55'),
(10, 42, '2026-02-11 00:00:00', NULL, NULL, NULL, 1, '2026-01-25 18:33:08', '2026-01-25 18:33:08');

-- --------------------------------------------------------

--
-- Table structure for table `blocks`
--

CREATE TABLE `blocks` (
  `id` bigint(20) UNSIGNED NOT NULL,
  `category_id` bigint(20) UNSIGNED DEFAULT NULL,
  `parent_id` bigint(20) UNSIGNED DEFAULT NULL,
  `category` varchar(255) DEFAULT NULL,
  `image` varchar(255) DEFAULT NULL,
  `url` varchar(255) DEFAULT NULL,
  `file` varchar(255) DEFAULT NULL,
  `order` int(11) NOT NULL DEFAULT 1,
  `is_active` varchar(255) NOT NULL DEFAULT '1',
  `start_date` datetime DEFAULT NULL,
  `end_date` datetime DEFAULT NULL,
  `created_at` timestamp NULL DEFAULT NULL,
  `updated_at` timestamp NULL DEFAULT NULL
) ENGINE=InnoDB DEFAULT CHARSET=utf8mb4 COLLATE=utf8mb4_unicode_ci;

--
-- Dumping data for table `blocks`
--

INSERT INTO `blocks` (`id`, `category_id`, `parent_id`, `category`, `image`, `url`, `file`, `order`, `is_active`, `start_date`, `end_date`, `created_at`, `updated_at`) VALUES
(1, NULL, NULL, 'tag', NULL, NULL, NULL, 1, '1', NULL, NULL, '2026-01-22 14:32:00', '2026-01-22 14:32:00'),
(2, NULL, NULL, 'tag', NULL, NULL, NULL, 1, '1', NULL, NULL, '2026-01-22 14:32:44', '2026-01-22 14:32:44'),
(3, NULL, NULL, 'tag', NULL, NULL, NULL, 1, '1', NULL, NULL, '2026-01-22 14:33:12', '2026-01-22 14:33:12'),
(4, NULL, NULL, 'tag', NULL, NULL, NULL, 1, '1', NULL, NULL, '2026-01-22 14:33:27', '2026-01-22 14:33:27'),
(5, NULL, NULL, 'tag', NULL, NULL, NULL, 1, '1', NULL, NULL, '2026-01-22 14:33:39', '2026-01-22 14:33:39'),
(6, NULL, NULL, 'tag', NULL, NULL, NULL, 1, '1', NULL, NULL, '2026-01-22 14:34:15', '2026-01-22 14:34:15'),
(7, NULL, NULL, 'tag', NULL, NULL, NULL, 1, '1', NULL, NULL, '2026-01-22 14:34:31', '2026-01-22 14:34:31'),
(8, NULL, NULL, 'tag', NULL, NULL, NULL, 1, '1', NULL, NULL, '2026-01-22 14:35:20', '2026-01-22 14:35:20'),
(9, NULL, NULL, 'tag', NULL, NULL, NULL, 1, '1', NULL, NULL, '2026-01-22 14:35:39', '2026-01-22 14:35:39'),
(10, NULL, NULL, 'tag', NULL, NULL, NULL, 1, '1', NULL, NULL, '2026-01-22 14:36:10', '2026-01-22 14:36:10'),
(11, NULL, NULL, 'tag', NULL, NULL, NULL, 1, '1', NULL, NULL, '2026-01-22 14:36:25', '2026-01-22 14:36:25'),
(12, NULL, NULL, 'tag', NULL, NULL, NULL, 1, '1', NULL, NULL, '2026-01-22 14:36:40', '2026-01-22 14:36:40'),
(13, NULL, NULL, 'tag', NULL, NULL, NULL, 1, '1', NULL, NULL, '2026-01-22 14:37:24', '2026-01-22 14:37:24'),
(14, NULL, NULL, 'tag', NULL, NULL, NULL, 1, '1', NULL, NULL, '2026-01-22 14:37:40', '2026-01-22 14:37:40'),
(15, NULL, NULL, 'tag', NULL, NULL, NULL, 1, '1', NULL, NULL, '2026-01-22 14:38:06', '2026-01-22 14:38:06'),
(16, NULL, NULL, 'tag', NULL, NULL, NULL, 1, '1', NULL, NULL, '2026-01-22 14:38:24', '2026-01-22 14:38:24'),
(17, NULL, NULL, 'tag', NULL, NULL, NULL, 1, '1', NULL, NULL, '2026-01-22 14:38:35', '2026-01-22 14:38:35'),
(18, NULL, NULL, 'tag', NULL, NULL, NULL, 1, '1', NULL, NULL, '2026-01-22 14:38:51', '2026-01-22 14:38:51'),
(19, NULL, NULL, 'tag', NULL, NULL, NULL, 1, '1', NULL, NULL, '2026-01-22 14:39:10', '2026-01-22 14:39:10'),
(20, NULL, NULL, 'tag', NULL, NULL, NULL, 1, '1', NULL, NULL, '2026-01-22 14:39:28', '2026-01-22 14:39:28'),
(21, NULL, NULL, 'tag', NULL, NULL, NULL, 1, '1', NULL, NULL, '2026-01-22 14:39:42', '2026-01-22 14:39:42'),
(22, NULL, NULL, 'tag', NULL, NULL, NULL, 1, '1', NULL, NULL, '2026-01-22 14:39:54', '2026-01-22 14:39:54'),
(23, NULL, NULL, 'tag', NULL, NULL, NULL, 1, '1', NULL, NULL, '2026-01-22 14:40:19', '2026-01-22 14:40:19'),
(24, NULL, NULL, 'tag', NULL, NULL, NULL, 1, '1', NULL, NULL, '2026-01-22 14:40:35', '2026-01-22 14:40:35'),
(25, NULL, NULL, 'tag', NULL, NULL, NULL, 1, '1', NULL, NULL, '2026-01-22 14:40:48', '2026-01-22 14:40:48'),
(26, NULL, NULL, 'tag', NULL, NULL, NULL, 1, '1', NULL, NULL, '2026-01-22 14:41:05', '2026-01-22 14:41:05'),
(27, NULL, NULL, 'tag', NULL, NULL, NULL, 1, '1', NULL, NULL, '2026-01-22 14:41:25', '2026-01-22 14:41:25'),
(28, NULL, NULL, 'tag', NULL, NULL, NULL, 1, '1', NULL, NULL, '2026-01-22 14:41:34', '2026-01-22 14:41:34'),
(29, NULL, NULL, 'tag', NULL, NULL, NULL, 1, '1', NULL, NULL, '2026-01-22 14:41:49', '2026-01-22 14:41:49'),
(30, NULL, NULL, 'tag', NULL, NULL, NULL, 1, '1', NULL, NULL, '2026-01-22 14:42:06', '2026-01-22 14:42:06'),
(31, NULL, NULL, 'tag', NULL, NULL, NULL, 1, '1', NULL, NULL, '2026-01-22 14:42:26', '2026-01-22 14:42:26'),
(32, NULL, NULL, 'cities', NULL, NULL, NULL, 1, '1', NULL, NULL, '2026-01-22 14:42:52', '2026-01-22 14:42:52'),
(33, NULL, NULL, 'cities', NULL, NULL, NULL, 1, '1', NULL, NULL, '2026-01-22 14:43:08', '2026-01-22 14:43:08'),
(34, NULL, NULL, 'cities', NULL, NULL, NULL, 1, '1', NULL, NULL, '2026-01-22 14:43:21', '2026-01-22 14:43:21'),
(35, NULL, NULL, 'cities', NULL, NULL, NULL, 1, '1', NULL, NULL, '2026-01-22 14:43:32', '2026-01-22 14:43:32'),
(36, NULL, NULL, 'cities', NULL, NULL, NULL, 1, '1', NULL, NULL, '2026-01-22 14:44:16', '2026-01-22 14:44:16'),
(37, NULL, NULL, 'cities', NULL, NULL, NULL, 1, '1', NULL, NULL, '2026-01-22 14:44:35', '2026-01-22 14:44:35'),
(38, NULL, NULL, 'cities', NULL, NULL, NULL, 1, '1', NULL, NULL, '2026-01-22 14:45:03', '2026-01-22 14:45:03'),
(39, NULL, NULL, 'trip', NULL, NULL, NULL, 1, '1', NULL, NULL, '2026-01-22 14:49:24', '2026-01-22 14:49:24'),
(40, NULL, NULL, 'trip', NULL, NULL, NULL, 1, '1', NULL, NULL, '2026-01-22 14:52:26', '2026-01-22 14:52:26'),
(41, NULL, NULL, 'trip', NULL, NULL, NULL, 1, '1', NULL, NULL, '2026-01-22 14:55:45', '2026-01-22 14:55:45'),
(42, NULL, NULL, 'trip', NULL, NULL, NULL, 1, '1', NULL, NULL, '2026-01-22 14:59:03', '2026-01-22 14:59:03'),
(43, NULL, NULL, 'trip', NULL, NULL, NULL, 1, '1', NULL, NULL, '2026-01-22 15:02:49', '2026-01-22 15:02:49'),
(44, NULL, NULL, 'trip', NULL, NULL, NULL, 1, '1', NULL, NULL, '2026-01-22 15:06:00', '2026-01-22 15:06:00'),
(45, NULL, NULL, 'trip', NULL, NULL, NULL, 1, '1', NULL, NULL, '2026-01-22 15:09:12', '2026-01-22 15:09:12'),
(46, NULL, NULL, 'trip', NULL, NULL, NULL, 1, '1', NULL, NULL, '2026-01-22 15:16:19', '2026-01-22 15:16:19'),
(47, NULL, NULL, 'main-section', NULL, NULL, NULL, 1, '1', NULL, NULL, '2026-01-22 15:24:32', '2026-01-22 15:24:32'),
(48, NULL, NULL, 'blog', NULL, NULL, NULL, 1, '1', '2026-02-03 00:00:00', NULL, '2026-02-03 08:41:57', '2026-02-03 09:36:31'),
(49, NULL, NULL, 'turn-our-vision-into-value', NULL, NULL, NULL, 1, '1', NULL, NULL, '2026-02-03 16:53:52', '2026-02-03 16:53:52'),
(52, NULL, NULL, 'our-story', NULL, NULL, NULL, 1, '1', NULL, NULL, '2026-02-03 17:24:10', '2026-02-03 17:24:10'),
(53, NULL, NULL, 'our-mission', NULL, NULL, NULL, 1, '1', NULL, NULL, '2026-02-03 18:08:17', '2026-02-03 18:08:17'),
(54, NULL, NULL, 'our-vision', NULL, NULL, NULL, 1, '1', NULL, NULL, '2026-02-03 18:10:00', '2026-02-03 18:10:00');

-- --------------------------------------------------------

--
-- Stand-in structure for view `blocks_view`
-- (See below for the actual view)
--
CREATE TABLE `blocks_view` (
`block_id` bigint(20) unsigned
,`parent_id` bigint(20) unsigned
,`translation_id` bigint(20) unsigned
,`file_id` bigint(20) unsigned
,`category` varchar(255)
,`order` int(11)
,`is_active` varchar(255)
,`start_date` datetime
,`end_date` datetime
,`name` varchar(255)
,`parent_name` varchar(255)
,`description` longblob
,`slug` varchar(255)
,`language` varchar(255)
,`url` varchar(255)
,`file_name` varchar(255)
,`file_description` longblob
,`is_image` tinyint(1)
,`is_cover` tinyint(1)
);

-- --------------------------------------------------------

--
-- Table structure for table `block_translations`
--

CREATE TABLE `block_translations` (
  `id` bigint(20) UNSIGNED NOT NULL,
  `block_id` bigint(20) UNSIGNED NOT NULL,
  `name` varchar(255) NOT NULL,
  `slug` varchar(255) NOT NULL,
  `language` varchar(255) NOT NULL,
  `is_active` tinyint(1) NOT NULL DEFAULT 1,
  `created_at` timestamp NULL DEFAULT NULL,
  `updated_at` timestamp NULL DEFAULT NULL,
  `description` longblob DEFAULT NULL,
  `brief` longblob DEFAULT NULL
) ENGINE=InnoDB DEFAULT CHARSET=utf8mb4 COLLATE=utf8mb4_unicode_ci;

--
-- Dumping data for table `block_translations`
--

INSERT INTO `block_translations` (`id`, `block_id`, `name`, `slug`, `language`, `is_active`, `created_at`, `updated_at`, `description`, `brief`) VALUES
(1, 1, '5 نجوم', '5-نجوم', 'ar', 1, '2026-01-22 14:32:00', '2026-01-22 14:32:00', '', ''),
(2, 1, '5 Stars', '5-stars', 'en', 1, '2026-01-22 14:32:00', '2026-01-22 14:32:00', '', ''),
(3, 2, 'إثارة', 'إثارة', 'ar', 1, '2026-01-22 14:32:44', '2026-01-22 14:32:44', '', ''),
(4, 2, 'Advanture', 'advanture', 'en', 1, '2026-01-22 14:32:44', '2026-01-22 14:32:44', '', ''),
(5, 3, 'حفلات شواء', 'حفلات-شواء', 'ar', 1, '2026-01-22 14:33:12', '2026-01-22 14:33:12', '', ''),
(6, 3, 'BBQ', 'bbq', 'en', 1, '2026-01-22 14:33:12', '2026-01-22 14:33:12', '', ''),
(7, 4, 'فطور', 'فطور', 'ar', 1, '2026-01-22 14:33:27', '2026-01-22 14:33:27', '', ''),
(8, 4, 'Breakfast', 'breakfast', 'en', 1, '2026-01-22 14:33:27', '2026-01-22 14:33:27', '', ''),
(9, 5, 'تخييم', 'تخييم', 'ar', 1, '2026-01-22 14:33:39', '2026-01-22 14:33:39', '', ''),
(10, 5, 'Camping', 'camping', 'en', 1, '2026-01-22 14:33:39', '2026-01-22 14:33:39', '', ''),
(11, 6, 'إطلالة على المدينة', 'إطلالة-على-المدينة', 'ar', 1, '2026-01-22 14:34:15', '2026-01-22 14:34:15', '', ''),
(12, 6, 'City Views', 'city-views', 'en', 1, '2026-01-22 14:34:15', '2026-01-22 14:34:15', '', ''),
(13, 7, 'طهو', 'طهو', 'ar', 1, '2026-01-22 14:34:31', '2026-01-22 14:34:31', '', ''),
(14, 7, 'Cooking', 'cooking', 'en', 1, '2026-01-22 14:34:31', '2026-01-22 14:34:31', '', ''),
(15, 8, 'رحلة بحرية', 'رحلة-بحرية', 'ar', 1, '2026-01-22 14:35:21', '2026-01-22 14:35:21', '', ''),
(16, 8, 'Cruise', 'cruise', 'en', 1, '2026-01-22 14:35:21', '2026-01-22 14:35:21', '', ''),
(17, 9, 'ثقافي', 'ثقافي', 'ar', 1, '2026-01-22 14:35:39', '2026-01-22 14:35:39', '', ''),
(18, 9, 'Cultural', 'cultural', 'en', 1, '2026-01-22 14:35:39', '2026-01-22 14:35:39', '', ''),
(19, 10, 'صحراوي', 'صحراوي', 'ar', 1, '2026-01-22 14:36:10', '2026-01-22 14:36:10', '', ''),
(20, 10, 'Desert', 'desert', 'en', 1, '2026-01-22 14:36:10', '2026-01-22 14:36:10', '', ''),
(21, 11, 'عشاء', 'عشاء', 'ar', 1, '2026-01-22 14:36:25', '2026-01-22 14:36:25', '', ''),
(22, 11, 'Dinner', 'dinner', 'en', 1, '2026-01-22 14:36:26', '2026-01-22 14:36:26', '', ''),
(23, 12, 'ترفيهي', 'ترفيهي', 'ar', 1, '2026-01-22 14:36:40', '2026-01-22 14:36:40', '', ''),
(24, 12, 'Entertainment', 'entertainment', 'en', 1, '2026-01-22 14:36:40', '2026-01-22 14:36:40', '', ''),
(25, 13, 'درجة قصوى', 'درجة-قصوى', 'ar', 1, '2026-01-22 14:37:24', '2026-01-22 14:37:24', '', ''),
(26, 13, 'Extreme', 'extreme', 'en', 1, '2026-01-22 14:37:24', '2026-01-22 14:37:24', '', ''),
(27, 14, 'عائلي', 'عائلي', 'ar', 1, '2026-01-22 14:37:40', '2026-01-22 14:37:40', '', ''),
(28, 14, 'Family-Friendly', 'family-friendly', 'en', 1, '2026-01-22 14:37:40', '2026-01-22 14:37:40', '', ''),
(29, 15, 'حوامة', 'حوامة', 'ar', 1, '2026-01-22 14:38:06', '2026-01-22 14:38:06', '', ''),
(30, 15, 'Helicopter', 'helicopter', 'en', 1, '2026-01-22 14:38:06', '2026-01-22 14:38:06', '', ''),
(31, 16, 'تاريخي', 'تاريخي', 'ar', 1, '2026-01-22 14:38:24', '2026-01-22 14:38:24', '', ''),
(32, 16, 'History', 'history', 'en', 1, '2026-01-22 14:38:24', '2026-01-22 14:38:24', '', ''),
(33, 17, 'فخامة', 'فخامة', 'ar', 1, '2026-01-22 14:38:35', '2026-01-22 14:38:35', '', ''),
(34, 17, 'Luxury', 'luxury', 'en', 1, '2026-01-22 14:38:35', '2026-01-22 14:38:35', '', ''),
(35, 18, 'ليلي', 'ليلي', 'ar', 1, '2026-01-22 14:38:51', '2026-01-22 14:38:51', '', ''),
(36, 18, 'Night', 'night', 'en', 1, '2026-01-22 14:38:51', '2026-01-22 14:38:51', '', ''),
(37, 19, 'حتى الصباح', 'حتى-الصباح', 'ar', 1, '2026-01-22 14:39:10', '2026-01-22 14:39:10', '', ''),
(38, 19, 'Overnight', 'overnight', 'en', 1, '2026-01-22 14:39:10', '2026-01-22 14:39:10', '', ''),
(39, 20, 'هادئ', 'هادئ', 'ar', 1, '2026-01-22 14:39:28', '2026-01-22 14:39:28', '', ''),
(40, 20, 'Peaceful', 'peaceful', 'en', 1, '2026-01-22 14:39:28', '2026-01-22 14:39:28', '', ''),
(41, 21, 'تصوير', 'تصوير', 'ar', 1, '2026-01-22 14:39:42', '2026-01-22 14:39:42', '', ''),
(42, 21, 'Photography', 'photography', 'en', 1, '2026-01-22 14:39:42', '2026-01-22 14:39:42', '', ''),
(43, 22, 'خاص', 'خاص', 'ar', 1, '2026-01-22 14:39:54', '2026-01-22 14:39:54', '', ''),
(44, 22, 'Private', 'private', 'en', 1, '2026-01-22 14:39:54', '2026-01-22 14:39:54', '', ''),
(45, 23, 'دراجات رباعية', 'دراجات-رباعية', 'ar', 1, '2026-01-22 14:40:19', '2026-01-22 14:40:19', '', ''),
(46, 23, 'Quad Biking', 'quad-biking', 'en', 1, '2026-01-22 14:40:19', '2026-01-22 14:40:19', '', ''),
(47, 24, 'رومانسي', 'رومانسي', 'ar', 1, '2026-01-22 14:40:35', '2026-01-22 14:40:35', '', ''),
(48, 24, 'Romantic', 'romantic', 'en', 1, '2026-01-22 14:40:35', '2026-01-22 14:40:35', '', ''),
(49, 25, 'سفاري', 'سفاري', 'ar', 1, '2026-01-22 14:40:48', '2026-01-22 14:40:48', '', ''),
(50, 25, 'Safari', 'safari', 'en', 1, '2026-01-22 14:40:48', '2026-01-22 14:40:48', '', ''),
(51, 26, 'شروق الشمس', 'شروق-الشمس', 'ar', 1, '2026-01-22 14:41:05', '2026-01-22 14:41:05', '', ''),
(52, 26, 'Sunrise', 'sunrise', 'en', 1, '2026-01-22 14:41:05', '2026-01-22 14:41:05', '', ''),
(53, 27, 'غروب الشمس', 'غروب-الشمس', 'ar', 1, '2026-01-22 14:41:25', '2026-01-22 14:41:25', '', ''),
(54, 27, 'Sunset', 'sunset', 'en', 1, '2026-01-22 14:41:25', '2026-01-22 14:41:25', '', ''),
(55, 28, 'تراثي', 'تراثي', 'ar', 1, '2026-01-22 14:41:34', '2026-01-22 14:41:34', '', ''),
(56, 28, 'Traditional', 'traditional', 'en', 1, '2026-01-22 14:41:34', '2026-01-22 14:41:34', '', ''),
(57, 29, 'كبار رجال الأعمال', 'كبار-رجال-الأعمال', 'ar', 1, '2026-01-22 14:41:49', '2026-01-22 14:41:49', '', ''),
(58, 29, 'VIP', 'vip', 'en', 1, '2026-01-22 14:41:49', '2026-01-22 14:41:49', '', ''),
(59, 30, 'رياضة مائية', 'رياضة-مائية', 'ar', 1, '2026-01-22 14:42:06', '2026-01-22 14:42:06', '', ''),
(60, 30, 'Water Sport', 'water-sport', 'en', 1, '2026-01-22 14:42:06', '2026-01-22 14:42:06', '', ''),
(61, 31, 'يخت', 'يخت', 'ar', 1, '2026-01-22 14:42:26', '2026-01-22 14:42:26', '', ''),
(62, 31, 'Yacht', 'yacht', 'en', 1, '2026-01-22 14:42:26', '2026-01-22 14:42:26', '', ''),
(63, 32, 'أبو ظبي', 'أبو-ظبي', 'ar', 1, '2026-01-22 14:42:52', '2026-01-22 14:42:52', '', ''),
(64, 32, 'Abu Dhabi', 'abu-dhabi', 'en', 1, '2026-01-22 14:42:52', '2026-01-22 14:42:52', '', ''),
(65, 33, 'دبي', 'دبي', 'ar', 1, '2026-01-22 14:43:08', '2026-01-22 14:43:08', '', ''),
(66, 33, 'Dubai', 'dubai', 'en', 1, '2026-01-22 14:43:08', '2026-01-22 14:43:08', '', ''),
(67, 34, 'الشارقة', 'الشارقة', 'ar', 1, '2026-01-22 14:43:21', '2026-01-22 14:43:21', '', ''),
(68, 34, 'Sharjah', 'sharjah', 'en', 1, '2026-01-22 14:43:21', '2026-01-22 14:43:21', '', ''),
(69, 35, 'عجمان', 'عجمان', 'ar', 1, '2026-01-22 14:43:32', '2026-01-22 14:43:32', '', ''),
(70, 35, 'Ajman', 'ajman', 'en', 1, '2026-01-22 14:43:32', '2026-01-22 14:43:32', '', ''),
(71, 36, 'راس الخيمة', 'راس-الخيمة', 'ar', 1, '2026-01-22 14:44:16', '2026-01-22 14:44:16', '', ''),
(72, 36, 'Ras Al-Khaimah', 'ras-al-khaimah', 'en', 1, '2026-01-22 14:44:16', '2026-01-22 14:44:16', '', ''),
(73, 37, 'الفجيرة', 'الفجيرة', 'ar', 1, '2026-01-22 14:44:35', '2026-01-22 14:44:35', '', ''),
(74, 37, 'Al-Fujairah', 'al-fujairah', 'en', 1, '2026-01-22 14:44:35', '2026-01-22 14:44:35', '', ''),
(75, 38, 'العين', 'العين', 'ar', 1, '2026-01-22 14:45:03', '2026-01-22 14:45:03', '', ''),
(76, 38, 'Al-Ain', 'al-aain', 'en', 1, '2026-01-22 14:45:03', '2026-01-22 14:45:19', '', ''),
(77, 39, 'رحلة سفاري جولدن ديونز', 'رحلة-سفاري-جولدن-ديونز', 'ar', 1, '2026-01-22 14:49:24', '2026-01-22 14:49:24', 0x3c703ed8a7d986d8b6d985d988d8a720d8a5d984d98ad986d8a720d981d98a20d8b1d8add984d8a920d984d8a720d8aad98fd986d8b3d98920d8b9d8a8d8b120d8a7d984d983d8abd8a8d8a7d98620d8a7d984d8b1d985d984d98ad8a920d8a7d984d8b0d987d8a8d98ad8a920d984d984d8b5d8add8b1d8a7d8a120d8a7d984d8b9d8b1d8a8d98ad8a92e20d8aad8a3d8aed8b0d983d98520d987d8b0d98720d8a7d984d8b1d8add984d8a920d8a7d984d8b5d8add8b1d8a7d988d98ad8a920d8a7d984d983d984d8a7d8b3d98ad983d98ad8a920d8a5d984d98920d982d984d8a820d8a7d984d8b5d8add8b1d8a7d8a1d88c20d8add98ad8ab20d8b3d8aad8aed8aad8a8d8b1d988d98620d985d8aad8b9d8a920d8a7d984d982d98ad8a7d8afd8a920d8b9d984d98920d8a7d984d983d8abd8a8d8a7d98620d8a7d984d8b1d985d984d98ad8a9d88c20d988d8b1d983d988d8a820d8a7d984d8acd985d8a7d98420d8a7d984d987d8a7d8afd8a6d88c20d988d985d8b4d8a7d987d8afd8a920d8a3d8acd985d98420d8bad8b1d988d8a820d8b4d985d8b320d8b1d8a3d98ad8aad985d988d98720d981d98a20d8add98ad8a7d8aad983d9852e20d985d8abd8a7d984d98ad8a920d984d984d8b9d8a7d8a6d984d8a7d8aa20d988d8a7d984d8b2d988d8a7d8b120d984d8a3d988d98420d985d8b1d8a920d8a7d984d8b1d8a7d8bad8a8d98ad98620d981d98a20d8aad8acd8b1d8a8d8a920d8a3d8acd988d8a7d8a120d8a7d984d8b5d8add8b1d8a7d8a120d8a7d984d8a3d8b5d98ad984d8a92e3c2f703e, ''),
(78, 39, 'Golden Dunes Safari', 'golden-dunes-safari', 'en', 1, '2026-01-22 14:49:24', '2026-01-22 14:49:24', 0x3c703e4a6f696e20757320666f7220616e20756e666f726765747461626c65206a6f75726e6579207468726f7567682074686520676f6c64656e2073616e642064756e6573206f6620746865204172616269616e206465736572742e205468697320636c617373696320646573657274207361666172692074616b657320796f75206465657020696e746f20746865206865617274206f66207468652064657365727420776865726520796f75276c6c20657870657269656e636520746872696c6c696e672064756e652062617368696e672c20706561636566756c2063616d656c2072696465732c20616e6420746865206d6f7374207374756e6e696e672073756e73657420766965777320796f752776652065766572207365656e2e205065726665637420666f722066616d696c69657320616e642066697273742d74696d652076697369746f7273206c6f6f6b696e6720746f20657870657269656e6365207468652061757468656e746963206465736572742061746d6f7370686572652e3c2f703e, ''),
(79, 40, 'تجربة ليلة صحراوية', 'تجربة-ليلة-صحراوية', 'ar', 1, '2026-01-22 14:52:26', '2026-01-22 14:52:26', 0x3c703ed8a7d986d8bad985d8b320d981d98a20d8a7d984d8abd982d8a7d981d8a920d8a7d984d8b9d8b1d8a8d98ad8a920d985d8b920d8aad8acd8b1d8a8d8a920d8b5d8add8b1d8a7d988d98ad8a920d985d8b3d8a7d8a6d98ad8a920d985d985d98ad8b2d8a92e20d8a7d8b3d8aad985d8aad8b920d8a8d985d8bad8a7d985d8b1d8a7d8aa20d985d8abd98ad8b1d8a920d8b9d984d98920d8a7d984d983d8abd8a8d8a7d98620d8a7d984d8b1d985d984d98ad8a9d88c20d988d8a7d984d8aad8b2d984d8ac20d8b9d984d98920d8a7d984d8b1d985d8a7d984d88c20d988d8b1d983d988d8a820d8a7d984d8acd985d8a7d984d88c20d98ad8aad8a8d8b9d987d8a720d8b9d8b4d8a7d8a120d8b4d988d8a7d8a120d981d8a7d8aed8b120d8aad8add8aa20d8a7d984d986d8acd988d9852e20d8b4d8a7d987d8af20d8b9d8b1d988d8b620d8b1d982d8b520d8b4d8b1d982d98a20d8b3d8a7d8add8b1d8a920d988d8b9d8b1d988d8b620d8a7d984d8aad986d988d8b1d8a9d88c20d8a8d98ad986d985d8a720d8aad8aad8b0d988d98220d8a7d984d982d987d988d8a920d8a7d984d8b9d8b1d8a8d98ad8a920d8a7d984d8aad982d984d98ad8afd98ad8a920d988d8a7d984d8aad985d8b12e20d987d8b0d98720d8a7d984d8aad8acd8b1d8a8d8a920d8aad8acd8b3d8af20d8acd988d987d8b120d8a7d984d8b6d98ad8a7d981d8a920d8a7d984d8b9d8b1d8a8d98ad8a920d8a7d984d8a3d8b5d98ad984d8a92e3c2f703e, ''),
(80, 40, 'Desert Night Experience', 'desert-night-experience', 'en', 1, '2026-01-22 14:52:26', '2026-01-22 14:52:26', 0x3c703e496d6d6572736520796f757273656c6620696e204172616269616e2063756c747572652077697468206f7572207072656d69756d206576656e696e672064657365727420657870657269656e63652e20456e6a6f7920657874656e6465642064756e652062617368696e672c2073616e64626f617264696e672c20616e642063616d656c20726964696e6720666f6c6c6f7765642062792061206c6176697368204242512064696e6e657220756e646572207468652073746172732e205761746368206d65736d6572697a696e672062656c6c792064616e63696e6720616e642054616e6f7572612073686f7773207768696c65207361766f72696e6720747261646974696f6e616c2041726162696320636f6666656520616e642064617465732e205468697320657870657269656e63652063617074757265732074686520657373656e6365206f66204172616269616e20686f73706974616c6974792e3c2f703e, ''),
(81, 41, 'جولة التراث الثقافي', 'جولة-التراث-الثقافي', 'ar', 1, '2026-01-22 14:55:45', '2026-01-22 14:55:45', 0x3c703ed8b1d8add984d8a9d98c20d985d8b9d985d982d8a9d98c20d981d98a20d8a7d984d8abd982d8a7d981d8a920d8a7d984d8b9d8b1d8a8d98ad8a920d988d985d8b7d8a8d8aed987d8a720d988d8aad982d8a7d984d98ad8afd987d8a72e20d8b2d98fd8b120d8a7d984d985d988d8a7d982d8b920d8a7d984d8aad8a7d8b1d98ad8aed98ad8a9d88c20d988d8a7d8b3d8aad983d8b4d98120d8a7d984d8a3d8b3d988d8a7d98220d8a7d984d8b4d8b9d8a8d98ad8a9d88c20d988d8aad8b9d8b1d991d98120d8b9d984d98920d8a7d984d8aad8b1d8a7d8ab20d8a7d984d8b9d8b1d98ad98220d984d984d985d986d8b7d982d8a92e20d8a7d8b3d8aad985d8aad8b920d8a8d8aad8acd8a7d8b1d8a820d8b9d985d984d98ad8a920d8aad8b4d985d98420d8a7d984d8aed8b720d8a7d984d8b9d8b1d8a8d98ad88c20d988d8a7d984d8b7d987d98a20d8a7d984d8aad982d984d98ad8afd98ad88c20d988d8b1d8b3d98520d8a7d984d8add986d8a7d8a12e20d987d8b0d98720d8a7d984d8acd988d984d8a920d985d8abd8a7d984d98ad8a920d984d985d98620d98ad8a8d8add8ab20d8b9d98620d8aad8acd8b1d8a8d8a920d8abd982d8a7d981d98ad8a920d8a3d8b5d98ad984d8a92e3c2f703e, ''),
(82, 41, 'Cultural Heritage Tour', 'cultural-heritage-tour', 'en', 1, '2026-01-22 14:55:45', '2026-01-22 14:55:45', 0x3c703e412064656570206469766520696e746f204172616269616e2063756c747572652c2063756973696e652c20616e6420747261646974696f6e732e20566973697420686973746f7269632073697465732c206578706c6f726520747261646974696f6e616c206d61726b6574732c20616e64206c6561726e2061626f7574207468652072696368206865726974616765206f662074686520726567696f6e2e20456e6a6f792068616e64732d6f6e20657870657269656e63657320696e636c7564696e67204172616269632063616c6c696772617068792c20747261646974696f6e616c20636f6f6b696e672c20616e642068656e6e61207061696e74696e672e205468697320746f7572206973207065726665637420666f722074686f7365207365656b696e6720616e2061757468656e7469632063756c747572616c20696d6d657273696f6e2e3c2f703e, ''),
(83, 42, 'تجربة العرب الملوك', 'تجربة-العرب-الملوك', 'ar', 1, '2026-01-22 14:59:03', '2026-01-22 14:59:03', 0x3c703ed8abd984d8a7d8abd8a920d8a3d98ad8a7d98520d985d98620d8a7d984d8b1d981d8a7d987d98ad8a920d8a7d984d985d8b7d984d982d8a920d8a8d8a7d986d8aad8b8d8a7d8b1d9832e20d8aad8a8d8afd8a320d8a7d984d8b1d8add984d8a920d8a8d8a7d8b3d8aad982d8a8d8a7d98420d8aed8a7d8b520d985d98620d8a7d984d985d8b7d8a7d8b120d988d8aad8b3d8acd98ad98420d8a7d984d988d8b5d988d98420d8a5d984d98920d985d986d8aad8acd8b920d8aed985d8b320d986d8acd988d9852e20d8a7d8b3d8aad985d8aad8b920d8a8d8acd984d8b3d8a920d8b3d8a8d8a720d8aed8a7d8b5d8a920d988d8b9d8b4d8a7d8a120d8aad8b1d8add98ad8a8d98a2e20d981d98a20d8a7d984d98ad988d98520d8a7d984d8abd8a7d986d98ad88c20d8a7d8b3d8aad985d8aad8b920d8a8d8acd988d984d8a920d8b5d8a8d8a7d8add98ad8a920d8a8d8b7d8a7d8a6d8b1d8a920d987d984d98ad983d988d8a8d8aad8b120d981d988d98220d8a7d984d8b5d8add8b1d8a7d8a1d88c20d8aad984d98ad987d8a720d8b1d8add984d8a920d8b3d981d8a7d8b1d98a20d8b5d8add8b1d8a7d988d98ad8a920d8aed8a7d8b5d8a920d988d8b1d8add984d8a920d8a8d8add8b1d98ad8a920d981d8a7d8aed8b1d8a920d8b9d984d98920d985d8aad98620d98ad8aed8aa20d981d98a20d8a7d984d985d8b3d8a7d8a12e20d8a7d8aed8aad8aad98520d8b1d8add984d8aad98320d8a8d8acd988d984d8a920d8b3d98ad8a7d8add98ad8a920d8aed8a7d8b5d8a920d981d98a20d8a7d984d985d8afd98ad986d8a9d88c20d988d8aad8acd8b1d8a8d8a920d8aad8b3d988d98220d8add8b5d8b1d98ad8a9d88c20d988d8bad8afd8a7d8a120d988d8afd8a7d8b920d982d8a8d98420d986d982d984d98320d8a5d984d98920d8a7d984d985d8b7d8a7d8b12e3c2f703e, ''),
(84, 42, 'Royal Arabian Experience', 'royal-arabian-experience', 'en', 1, '2026-01-22 14:59:03', '2026-01-22 14:59:03', 0x3c703e54687265652064617973206f6620756e706172616c6c656c6564206c757875727920617761697420796f752e20426567696e20776974682056495020616972706f7274207069636b757020616e6420636865636b20696e746f206120352d73746172207265736f72742e20456e6a6f7920612070726976617465207370612074726561746d656e7420616e642077656c636f6d652064696e6e65722e204461792074776f2066656174757265732061206d6f726e696e672068656c69636f7074657220746f7572206f76657220746865206465736572742c20666f6c6c6f77656420627920612070726976617465206465736572742073616661726920616e64206576656e696e67206c7578757279207961636874206372756973652e20436f6e636c7564652077697468206120564950206369747920746f75722c206578636c75736976652073686f7070696e6720657870657269656e63652c20616e64206661726577656c6c206c756e6368206265666f726520796f757220616972706f7274207472616e736665722e3c2f703e, ''),
(85, 43, 'تجربة اليخت الخاص', 'تجربة-اليخت-الخاص', 'ar', 1, '2026-01-22 15:02:49', '2026-01-22 15:02:49', 0x3c703ed8a7d8b3d8aad8a3d8acd8b120d98ad8aed8aad98bd8a720d981d8a7d8aed8b1d98bd8a720d984d8aad8acd8b1d8a8d8a920d8a7d8b3d8aad8abd986d8a7d8a6d98ad8a920d8b9d984d98920d8a7d984d985d8a7d8a12e20d985d8abd8a7d984d98a20d984d984d8a7d8add8aad981d8a7d984d8a7d8aa20d8a7d984d8aed8a7d8b5d8a9d88c20d988d981d8b9d8a7d984d98ad8a7d8aa20d8a7d984d8b4d8b1d983d8a7d8aad88c20d8a3d98820d984d985d8acd8b1d8af20d98ad988d98520d985d98620d8a7d984d8a7d8b3d8aad8b1d8aed8a7d8a120d988d8a7d984d8aad8afd984d98ad9842e20d98ad8b4d985d98420d8b7d8a7d982d985d98bd8a720d985d8add8aad8b1d981d98bd8a7d88c20d988d8aed8afd985d8a7d8aa20d8b7d8b9d8a7d98520d981d8a7d8aed8b1d8a9d88c20d988d985d8b9d8afd8a7d8aa20d8b1d98ad8a7d8b6d8a7d8aa20d985d8a7d8a6d98ad8a92e20d8a3d8a8d8add8b120d8b9d984d98920d8b7d988d98420d8b3d988d8a7d8add98420d8aed984d8a7d8a8d8a920d988d8a7d8b3d8aad985d8aad8b920d8a8d8a7d984d8b3d8a8d8a7d8add8a920d981d98a20d985d98ad8a7d98720d8b5d8a7d981d98ad8a920d983d8b1d98ad8b3d8aad8a7d984d98ad8a92e3c2f703e, ''),
(86, 43, 'Private Yacht Experience', 'private-yacht-experience', 'en', 1, '2026-01-22 15:02:49', '2026-01-22 15:02:49', 0x3c703e436861727465722061206c757875727920796163687420666f7220616e206578636c757369766520657870657269656e6365206f6e207468652077617465722e205065726665637420666f72207370656369616c2063656c6562726174696f6e732c20636f72706f72617465206576656e74732c206f722073696d706c79206120646179206f6620696e64756c67656e63652e20496e636c7564657320612070726f66657373696f6e616c20637265772c20676f75726d6574206361746572696e672c20616e642077617465722073706f7274732065717569706d656e742e204372756973652070617374207374756e6e696e6720636f6173746c696e657320616e6420656e6a6f79207377696d6d696e6720696e206372797374616c2d636c656172207761746572732e3c2f703e, ''),
(87, 44, 'رحلة شروق الشمس في الصحراء', 'رحلة-شروق-الشمس-في-الصحراء', 'ar', 1, '2026-01-22 15:06:00', '2026-01-22 15:06:00', 0x3c703ed8a7d986d8b7d984d98220d981d98a20d985d8bad8a7d985d8b1d8a920d8b5d8a8d8a7d8add98ad8a920d985d8a8d983d8b1d8a920d984d985d8b4d8a7d987d8afd8a920d8b4d8b1d988d98220d8a7d984d8b4d985d8b320d8a7d984d8aed984d8a7d8a820d981d98a20d8a7d984d8b5d8add8b1d8a7d8a12e20d8a7d8b3d8aad985d8aad8b920d8a8d8acd985d8a7d98420d8a7d984d8b5d8add8b1d8a7d8a120d8a7d984d8b3d8a7d8add8b120d8a8d98ad986d985d8a720d8aad98fd984d988d991d98620d8a3d8b4d8b9d8a920d8a7d984d8b4d985d8b320d8a7d984d8a3d988d984d98920d8a7d984d983d8abd8a8d8a7d98620d8a7d984d8b1d985d984d98ad8a920d8a8d8a3d984d988d8a7d98620d8b0d987d8a8d98ad8a92e20d8aad8b4d985d98420d987d8b0d98720d8a7d984d8b1d8add984d8a920d8a7d984d987d8a7d8afd8a6d8a920d8b1d983d988d8a820d8a7d984d8acd985d8a7d984d88c20d988d988d8acd8a8d8a920d8a5d981d8b7d8a7d8b120d8b9d8b1d8a8d98ad8a920d8aad982d984d98ad8afd98ad8a9d88c20d988d981d8b1d8b5d98bd8a720d984d8a7d984d8aad982d8a7d8b720d8b5d988d8b120d8aad8b0d983d8a7d8b1d98ad8a920d8aad8afd988d98520d985d8afd98920d8a7d984d8b9d985d8b12e3c2f703e, ''),
(88, 44, 'Sunrise Desert Trek', 'sunrise-desert-trek', 'en', 1, '2026-01-22 15:06:00', '2026-01-22 15:06:00', 0x3c703e416e206561726c79206d6f726e696e6720616476656e7475726520746f207769746e657373207468652062726561746874616b696e67206465736572742073756e726973652e20457870657269656e63652074686520736572656e6520626561757479206f662074686520646573657274206173207468652066697273742072617973206f66206c69676874207061696e74207468652064756e657320696e20676f6c64656e20687565732e205468697320706561636566756c206a6f75726e657920696e636c7564657320612067656e746c652063616d656c20726964652c206120747261646974696f6e616c2041726162696320627265616b666173742c20616e642070686f746f677261706879206f70706f7274756e697469657320746861742077696c6c206c6561766520796f752077697468206d656d6f7269657320746f206c6173742061206c69666574696d652e3c2f703e, ''),
(89, 45, 'عشاء على متن مركب شراعي تقليدي (داو)', 'عشاء-على-متن-مركب-شراعي-تقليدي-داو', 'ar', 1, '2026-01-22 15:09:12', '2026-01-22 15:09:12', 0x3c703ed8a7d8b3d8aad985d8aad8b920d8a8d8a3d985d8b3d98ad8a920d8b3d8a7d8add8b1d8a920d8b9d984d98920d985d8aad98620d985d8b1d983d8a820d8b4d8b1d8a7d8b9d98a20d8aed8b4d8a8d98a20d8aad982d984d98ad8afd98a2e20d8a3d8a8d8add8b120d8b9d984d98920d8b7d988d98420d8a7d984d8b3d8a7d8add98420d8a7d984d8aed984d8a7d8a820d988d8aad986d8a7d988d98420d8b9d8b4d8a7d8a1d98b20d981d8a7d8aed8b1d8a7d98b20d985d98620d8a8d988d981d98ad98720d8b9d8a7d984d985d98a2e20d8b4d8a7d987d8af20d8a3d8b6d988d8a7d8a120d8a7d984d985d8afd98ad986d8a920d8aad8aad984d8a3d984d8a320d988d8a3d986d8aa20d8aad8a8d8add8b120d8a8d8acd988d8a7d8b120d985d8b9d8a7d984d985d987d8a720d8a7d984d8b4d987d98ad8b1d8a92e20d98ad8aed984d98220d8a7d984d8aad8b1d981d98ad98720d8a7d984d8add98a20d988d986d8b3d98ad98520d8a7d984d8a8d8add8b120d8a7d984d8b9d984d98ad98420d8a3d8acd988d8a7d8a1d98b20d985d8abd8a7d984d98ad8a920d984d984d8b1d988d985d8a7d986d8b3d98ad8a920d8a3d98820d8a7d984d8a7d8add8aad981d8a7d9842e3c2f703e, ''),
(90, 45, 'Dhow Cruise Dinner', 'dhow-cruise-dinner', 'en', 1, '2026-01-22 15:09:12', '2026-01-22 15:09:12', 0x3c703e457870657269656e63652061206d61676963616c206576656e696e672061626f617264206120747261646974696f6e616c20776f6f64656e2064686f77e2809463727569736520616c6f6e6720746865207374756e6e696e6720636f6173746c696e65207768696c6520656e6a6f79696e6720612073756d7074756f757320696e7465726e6174696f6e616c206275666665742064696e6e65722e205761746368207468652063697479206c696768747320737061726b6c6520617320796f75207361696c20706173742069636f6e6963206c616e646d61726b732e204c69766520656e7465727461696e6d656e7420616e64207468652067656e746c652073656120627265657a65206372656174652074686520706572666563742061746d6f73706865726520666f7220726f6d616e6365206f722063656c6562726174696f6e2e3c2f703e, ''),
(91, 46, 'تحدي الصحراء القاسي', 'تحدي-الصحراء-القاسي', 'ar', 1, '2026-01-22 15:16:19', '2026-01-22 15:16:19', 0x3c703ed8a7d986d8b7d984d98220d981d98a20d985d8bad8a7d985d8b1d8a920d8b5d8add8b1d8a7d988d98ad8a920d985d984d98ad8a6d8a920d8a8d8a7d984d8a5d8abd8a7d8b1d8a920d988d8a7d984d8aad8add8afd98a2e20d8a7d8a8d8afd8a320d8a8d8acd988d984d8a920d985d8abd98ad8b1d8a920d8b9d984d98920d8a7d984d8afd8b1d8a7d8acd8a7d8aa20d8a7d984d8b1d8a8d8a7d8b9d98ad8a920d8b9d8a8d8b120d8a7d984d983d8abd8a8d8a7d98620d8a7d984d8b1d985d984d98ad8a9d88c20d8aad984d98ad987d8a720d8aad8acd8b1d8a8d8a920d982d98ad8a7d8afd8a920d985d8abd98ad8b1d8a920d8b9d984d98920d8a7d984d983d8abd8a8d8a7d98620d8a7d984d8b1d985d984d98ad8a920d988d8a7d984d8aad8b2d984d8ac20d8b9d984d98920d8a7d984d8b1d985d8a7d9842e20d8abd98520d8a7d8b3d8aad985d8aad8b920d8a8d8b1d8add984d8a920d8b3d981d8a7d8b1d98a20d8acd8a8d984d98ad8a920d8b9d8a8d8b120d985d986d8a7d8b8d8b120d8b7d8a8d98ad8b9d98ad8a920d8aed984d8a7d8a8d8a92e20d8aed98ad991d98520d984d98ad984d8aad98320d8aad8add8aa20d8a7d984d986d8acd988d98520d985d8b920d8b9d8b4d8a7d8a120d8b4d988d8a7d8a120d8b4d987d98ad88c20d988d8aad8a3d985d98420d8a7d984d986d8acd988d985d88c20d988d8b9d8b1d988d8b620d8aad8b1d981d98ad987d98ad8a920d8aad982d984d98ad8afd98ad8a92e20d8a7d8b3d8aad98ad982d8b820d8b9d984d98920d981d8b7d988d8b120d8b5d8add8b1d8a7d988d98a20d8b1d8a7d8a6d8b92e3c2f703e, ''),
(92, 46, 'Extreme Desert Challenge', 'extreme-desert-challenge', 'en', 1, '2026-01-22 15:16:19', '2026-01-22 15:16:19', 0x3c703e5075736820796f7572206c696d6974732077697468206f7572206d6f737420616472656e616c696e652d70756d70696e672064657365727420616476656e747572652e205374617274207769746820616e20657868696c61726174696e6720717561642062696b696e672073657373696f6e207468726f756768207468652064756e65732c20666f6c6c6f7765642062792065787472656d652064756e652062617368696e6720616e642073616e64626f617264696e672e2054686520616476656e7475726520636f6e74696e75657320776974682061206d6f756e7461696e20736166617269207468726f756768206472616d61746963206c616e64736361706573e2809463616d70206f7665726e6967687420756e646572207468652073746172732077697468204242512064696e6e65722c207374617267617a696e672c20616e6420747261646974696f6e616c20656e7465727461696e6d656e742e2057616b6520757020746f20612062656175746966756c2064657365727420627265616b666173742e3c2f703e, ''),
(93, 47, 'اكتشف سحر المغامرات العربية', 'اكتشف-سحر-المغامرات-العربية', 'ar', 1, '2026-01-22 15:24:32', '2026-01-22 15:24:32', 0x3c703ed8a7d8b3d8aad985d8aad8b920d8a8d8b1d8add984d8a7d8aa20d8b3d981d8a7d8b1d98a20d8b5d8add8b1d8a7d988d98ad8a920d981d8a7d8aed8b1d8a9d88c20d988d8acd988d984d8a7d8aa20d8aed984d8a7d8a8d8a9d88c20d988d984d8add8b8d8a7d8aa20d984d8a720d8aad98fd986d8b3d98920d985d8b920d985d8acd985d988d8b9d8a920d8a8d98620d8aad8b1d983d98a2e20d8b1d8add984d8aad98320d8a7d984d8a7d8b3d8aad8abd986d8a7d8a6d98ad8a920d8aad8a8d8afd8a320d985d98620d987d986d8a72e3c2f703e, ''),
(94, 47, 'Discover the Magic of Arabian Adventures', 'discover-the-magic-of-arabian-adventures', 'en', 1, '2026-01-22 15:24:32', '2026-01-22 15:24:32', 0x3c703e457870657269656e6365206c75787572792064657365727420736166617269732c2062726561746874616b696e6720746f7572732c20616e6420756e666f726765747461626c65206d6f6d656e747320776974682042696e205475726b692047726f75702e20596f75722065787472616f7264696e617279206a6f75726e657920626567696e7320686572652e3c2f703e, ''),
(95, 48, 'اكتشف العالم: دليلك الشامل للسياحة', 'اكتشف-العالم-دليلك-الشامل-للسياحة', 'ar', 1, '2026-02-03 08:41:57', '2026-02-03 09:35:17', 0x3c7020646174612d656e643d22323134312220646174612d73746172743d2232313330223e3c7370616e207374796c653d22666f6e742d73697a653a20313470743b223e3c7374726f6e673ed8a7d984d985d982d8afd985d8a93c2f7374726f6e673e3c2f7370616e3e3c2f703e3c7020646174612d73746172743d22323134322220646174612d656e643d2232333839223ed8a7d984d8b3d98ad8a7d8add8a920d984d98ad8b3d8aa20d985d8acd8b1d8af20d8a7d984d8a7d986d8aad982d8a7d98420d985d98620d985d983d8a7d98620d8a5d984d98920d8a2d8aed8b1d88c20d8a8d98420d987d98a20d8aad8acd8b1d8a8d8a920d984d8a7d983d8aad8b4d8a7d98120d8a7d984d8abd982d8a7d981d8a7d8aad88c20d988d8b5d986d8a7d8b9d8a920d8a7d984d8b0d983d8b1d98ad8a7d8aad88c20d988d8a7d984d8a7d8b3d8aad985d8aad8a7d8b920d8a8d8acd985d8a7d98420d8a7d984d8b9d8a7d984d9852e20d8b3d988d8a7d8a120d983d986d8aa20d8aad8aed8b7d8b720d984d8b9d8b7d984d8a920d8b4d8a7d8b7d8a6d98ad8a920d987d8a7d8afd8a6d8a9d88c20d8a3d98820d985d8bad8a7d985d8b1d8a920d981d98a20d8a7d984d8acd8a8d8a7d984d88c20d8a3d98820d8acd988d984d8a920d8abd982d8a7d981d98ad8a920d981d98a20d8a7d984d985d8afd98620d8a7d984d8aad8a7d8b1d98ad8aed98ad8a9d88c20d981d8a5d98620d8a7d984d8b3d98ad8a7d8add8a920d8aad981d8aad8ad20d984d98320d8a3d8a8d988d8a7d8a820d8aad8acd8a7d8b1d8a820d984d8a720d8aad98fd986d8b3d9892e3c2f703e3c7020646174612d656e643d22323430382220646174612d73746172743d2232333931223e3c7370616e207374796c653d22666f6e742d73697a653a20313470743b223e3c7374726f6e673ed8a3d987d985d98ad8a920d8a7d984d8b3d98ad8a7d8add8a93c2f7374726f6e673e3c2f7370616e3e3c2f703e3c7020646174612d73746172743d22323430392220646174612d656e643d2232343839223ed8aad984d8b9d8a820d8a7d984d8b3d98ad8a7d8add8a920d8afd988d8b1d98bd8a720d985d987d985d98bd8a720d981d98a20d8b1d8a8d8b720d8a7d984d8b4d8b9d988d8a820d988d8afd8b9d98520d8a7d984d8a7d982d8aad8b5d8a7d8af20d8a7d984d985d8add984d98ad88c20d8add98ad8ab20d8aad8aad98ad8ad20d984d984d985d8b3d8a7d981d8b1d98ad9863a3c2f703e3c756c20646174612d73746172743d22323439302220646174612d656e643d2232363436223e0a3c6c6920646174612d73746172743d22323439302220646174612d656e643d2232353235223e0a3c7020646174612d73746172743d22323439322220646174612d656e643d2232353235223ed8a7d984d8aad8b9d8b1d98120d8b9d984d98920d8abd982d8a7d981d8a7d8aa20d988d8aad982d8a7d984d98ad8af20d8acd8afd98ad8afd8a93c2f703e0a3c2f6c693e0a3c6c6920646174612d73746172743d22323532362220646174612d656e643d2232353831223e0a3c7020646174612d73746172743d22323532382220646174612d656e643d2232353831223ed8a7d984d8a7d8b3d8aad985d8aad8a7d8b920d8a8d8a7d984d985d8a3d983d988d984d8a7d8aa20d8a7d984d985d8add984d98ad8a920d988d8a3d986d985d8a7d8b720d8a7d984d8add98ad8a7d8a920d8a7d984d985d8aed8aad984d981d8a93c2f703e0a3c2f6c693e0a3c6c6920646174612d73746172743d22323538322220646174612d656e643d2232363136223e0a3c7020646174612d73746172743d22323538342220646174612d656e643d2232363136223ed8afd8b9d98520d8a7d984d985d8acd8aad985d8b9d8a7d8aa20d988d8a7d984d8a3d8b9d985d8a7d98420d8a7d984d985d8add984d98ad8a93c2f703e0a3c2f6c693e0a3c6c6920646174612d73746172743d22323631372220646174612d656e643d2232363436223e0a3c7020646174612d73746172743d22323631392220646174612d656e643d2232363436223ed983d8b3d8b120d8a7d984d8b1d988d8aad98ad98620d988d8aad8acd8afd98ad8af20d8a7d984d986d8b4d8a7d8b73c2f703e0a3c2f6c693e0a3c2f756c3e3c7020646174612d656e643d22323637302220646174612d73746172743d2232363438223e3c7370616e207374796c653d22666f6e742d73697a653a20313470743b223e3c7374726f6e673ed8a3d981d8b6d98420d8a3d986d988d8a7d8b920d8a7d984d8b3d98ad8a7d8add8a93c2f7374726f6e673e3c2f7370616e3e3c2f703e3c7020646174612d73746172743d22323637312220646174612d656e643d2232373138223ed8aad988d981d8b120d8a7d984d8b3d98ad8a7d8add8a920d8a7d984d8add8afd98ad8abd8a920d8aed98ad8a7d8b1d8a7d8aa20d8aad986d8a7d8b3d8a820d8acd985d98ad8b920d8a7d984d8a3d8b0d988d8a7d9823a3c2f703e3c756c20646174612d73746172743d22323731392220646174612d656e643d2233303231223e0a3c6c6920646174612d73746172743d22323731392220646174612d656e643d2232373935223e0a3c7020646174612d73746172743d22323732312220646174612d656e643d2232373935223e3c7374726f6e6720646174612d73746172743d22323732312220646174612d656e643d2232373431223ed8a7d984d8b3d98ad8a7d8add8a920d8a7d984d8abd982d8a7d981d98ad8a93c2f7374726f6e673e3a20d8b2d98ad8a7d8b1d8a920d8a7d984d985d8b9d8a7d984d98520d8a7d984d8aad8a7d8b1d98ad8aed98ad8a920d988d8a7d984d985d8aad8a7d8add98120d988d8a7d984d8add8b6d8a7d8b1d8a7d8aa20d8a7d984d982d8afd98ad985d8a93c2f703e0a3c2f6c693e0a3c6c6920646174612d73746172743d22323739362220646174612d656e643d2232383732223e0a3c7020646174612d73746172743d22323739382220646174612d656e643d2232383732223e3c7374726f6e6720646174612d73746172743d22323739382220646174612d656e643d2232383137223ed8b3d98ad8a7d8add8a920d8a7d984d985d8bad8a7d985d8b1d8a7d8aa3c2f7374726f6e673e3a20d8a7d984d8aad8aed98ad98ad985d88c20d8a7d984d8b3d981d8a7d8b1d98a20d8a7d984d8b5d8add8b1d8a7d988d98ad8a9d88c20d8a7d984d8bad988d8b5d88c20d988d8a7d984d8b1d98ad8a7d8b6d8a7d8aa20d8a7d984d8aed8b7d8b1d8a93c2f703e0a3c2f6c693e0a3c6c6920646174612d73746172743d22323837332220646174612d656e643d2232393534223e0a3c7020646174612d73746172743d22323837352220646174612d656e643d2232393534223e3c7374726f6e6720646174612d73746172743d22323837352220646174612d656e643d2232383934223ed8a7d984d8b3d98ad8a7d8add8a920d8a7d984d981d8a7d8aed8b1d8a93c2f7374726f6e673e3a20d8a7d984d985d986d8aad8acd8b9d8a7d8aa20d8a7d984d981d8a7d8aed8b1d8a9d88c20d8a7d984d8b1d8add984d8a7d8aa20d8a7d984d8a8d8add8b1d98ad8a9d88c20d988d8aad8acd8a7d8b1d8a820d8a7d984d8b3d981d8b120d8a7d984d985d985d98ad8b2d8a93c2f703e0a3c2f6c693e0a3c6c6920646174612d73746172743d22323935352220646174612d656e643d2233303231223e0a3c7020646174612d73746172743d22323935372220646174612d656e643d2233303231223e3c7374726f6e6720646174612d73746172743d22323935372220646174612d656e643d2232393736223ed8a7d984d8b3d98ad8a7d8add8a920d8a7d984d8a8d98ad8a6d98ad8a93c2f7374726f6e673e3a20d8a7d984d8b3d981d8b120d8a7d984d985d8b3d8aad8afd8a7d98520d8a7d984d8b0d98a20d98ad8add8aad8b1d98520d8a7d984d8b7d8a8d98ad8b9d8a920d988d8a7d984d8a8d98ad8a6d8a93c2f703e0a3c2f6c693e0a3c2f756c3e3c7020646174612d656e643d22333034312220646174612d73746172743d2233303233223e3c7370616e207374796c653d22666f6e742d73697a653a20313470743b223e3c7374726f6e673ed8a3d981d8b6d98420d988d982d8aa20d984d984d8b3d981d8b13c2f7374726f6e673e3c2f7370616e3e3c2f703e3c7020646174612d73746172743d22333034322220646174612d656e643d2233303933223ed8a7d8aed8aad98ad8a7d8b120d8a7d984d8aad988d982d98ad8aa20d8a7d984d985d986d8a7d8b3d8a820d984d984d8b3d981d8b120d8a3d985d8b120d8b6d8b1d988d8b1d98ad88c20d988d98ad8b9d8aad985d8af20d8b9d984d9893a3c2f703e3c756c20646174612d73746172743d22333039342220646174612d656e643d2233313939223e0a3c6c6920646174612d73746172743d22333039342220646174612d656e643d2233313038223e0a3c7020646174612d73746172743d22333039362220646174612d656e643d2233313038223ed8add8a7d984d8a920d8a7d984d8b7d982d8b33c2f703e0a3c2f6c693e0a3c6c6920646174612d73746172743d22333130392220646174612d656e643d2233313338223e0a3c7020646174612d73746172743d22333131312220646174612d656e643d2233313338223ed985d988d8a7d8b3d98520d8a7d984d8b0d8b1d988d8a920d988d8aed8a7d8b1d8ac20d8a7d984d8b0d8b1d988d8a93c2f703e0a3c2f6c693e0a3c6c6920646174612d73746172743d22333133392220646174612d656e643d2233313732223e0a3c7020646174612d73746172743d22333134312220646174612d656e643d2233313732223ed8a7d984d985d987d8b1d8acd8a7d986d8a7d8aa20d988d8a7d984d981d8b9d8a7d984d98ad8a7d8aa20d8a7d984d985d8add984d98ad8a93c2f703e0a3c2f6c693e0a3c6c6920646174612d73746172743d22333137332220646174612d656e643d2233313939223e0a3c7020646174612d73746172743d22333137352220646174612d656e643d2233313939223ed981d8aad8b1d8a7d8aa20d8a7d984d8b3d981d8b120d8a7d984d8a7d982d8aad8b5d8a7d8afd98ad8a93c2f703e0a3c2f6c693e0a3c2f756c3e3c7020646174612d656e643d22333232382220646174612d73746172743d2233323031223e3c7370616e207374796c653d22666f6e742d73697a653a20313470743b223e3c7374726f6e673ed986d8b5d8a7d8a6d8ad20d984d8b1d8add984d8a920d8b3d98ad8a7d8add98ad8a920d8a3d981d8b6d9843c2f7374726f6e673e3c2f7370616e3e3c2f703e3c756c20646174612d73746172743d22333232392220646174612d656e643d2233333539223e0a3c6c6920646174612d73746172743d22333232392220646174612d656e643d2233323534223e0a3c7020646174612d73746172743d22333233312220646174612d656e643d2233323534223ed8a7d984d8aad8aed8b7d98ad8b720d8a7d984d985d8b3d8a8d98220d984d984d8b1d8add984d8a93c2f703e0a3c2f6c693e0a3c6c6920646174612d73746172743d22333235352220646174612d656e643d2233323931223e0a3c7020646174612d73746172743d22333235372220646174612d656e643d2233323931223ed8a7d8add8aad8b1d8a7d98520d8a7d984d8b9d8a7d8afd8a7d8aa20d988d8a7d984d8aad982d8a7d984d98ad8af20d8a7d984d985d8add984d98ad8a93c2f703e0a3c2f6c693e0a3c6c6920646174612d73746172743d22333239322220646174612d656e643d2233333236223e0a3c7020646174612d73746172743d22333239342220646174612d656e643d2233333236223ed8aad8acd8b1d8a8d8a920d8a7d984d8a3d8b7d8b9d985d8a920d988d8a7d984d8a3d986d8b4d8b7d8a920d8a7d984d985d8add984d98ad8a93c2f703e0a3c2f6c693e0a3c6c6920646174612d73746172743d22333332372220646174612d656e643d2233333539223e0a3c7020646174612d73746172743d22333332392220646174612d656e643d2233333539223ed8a7d984d8b3d981d8b120d8a8d8b7d8b1d98ad982d8a920d985d8b3d8a4d988d984d8a920d988d985d8b3d8aad8afd8a7d985d8a93c2f703e0a3c2f6c693e0a3c2f756c3e3c7020646174612d656e643d22333337322220646174612d73746172743d2233333631223e3c7370616e207374796c653d22666f6e742d73697a653a20313470743b223e3c7374726f6e673ed8a7d984d8aed8a7d8aad985d8a93c2f7374726f6e673e3c2f7370616e3e3c2f703e3c7020646174612d73746172743d22333337332220646174612d656e643d2233353435223ed8a7d984d8b3d98ad8a7d8add8a920d8b1d8add984d8a920d8a7d983d8aad8b4d8a7d98120d988d8aad8b9d984d991d98520d988d985d8aad8b9d8a92e20d988d985d8b920d8a7d984d8aad8aed8b7d98ad8b720d8a7d984d8acd98ad8af20d988d8a7d984d8a7d986d981d8aad8a7d8ad20d8b9d984d98920d8a7d984d8aad8acd8a7d8b1d8a820d8a7d984d8acd8afd98ad8afd8a9d88c20d98ad985d983d98620d984d983d98420d8b1d8add984d8a920d8a3d98620d8aad8b5d8a8d8ad20d8aad8acd8b1d8a8d8a920d8bad986d98ad8a920d984d8a720d8aad98fd986d8b3d9892e20d8a7d8a8d8afd8a320d8b1d8add984d8aad98320d8a7d984d98ad988d985d88c20d988d8a7d983d8aad8b4d98120d8a7d984d8b9d8a7d984d98520d988d8acd987d8a920d8a8d8b9d8af20d8a3d8aed8b1d9892e3c2f703e3c703e3c62723e3c2f703e3c7020646174612d73746172743d22333534372220646174612d656e643d2233363534223e3c7374726f6e6720646174612d73746172743d22333534372220646174612d656e643d2233353638223ed8a7d984d983d984d985d8a7d8aa20d8a7d984d985d981d8aad8a7d8add98ad8a93c2f7374726f6e673e3a20d8a7d984d8b3d98ad8a7d8add8a9d88c20d8a7d984d8b3d981d8b1d88c20d8a7d984d988d8acd987d8a7d8aa20d8a7d984d8b3d98ad8a7d8add98ad8a9d88c20d8a7d984d8b3d98ad8a7d8add8a920d8a7d984d8abd982d8a7d981d98ad8a9d88c20d8b3d98ad8a7d8add8a920d8a7d984d985d8bad8a7d985d8b1d8a7d8aad88c20d8a7d984d8b3d98ad8a7d8add8a920d8a7d984d8a8d98ad8a6d98ad8a93c2f703e, ''),
(96, 48, 'Discover the World: Your Ultimate Tourism Guide', 'discover-the-world-your-ultimate-tourism-guide', 'en', 1, '2026-02-03 08:41:57', '2026-02-03 09:35:17', 0x3c7020646174612d656e643d223238302220646174612d73746172743d22323634223e3c7370616e207374796c653d22666f6e742d73697a653a20313470743b223e3c7374726f6e673e496e74726f64756374696f6e3c2f7374726f6e673e3c2f7370616e3e3c2f703e3c7020646174612d73746172743d223238312220646174612d656e643d22353936223e546f757269736d206973206d6f7265207468616e206a7573742074726176656c696e672066726f6d206f6e6520706c61636520746f20616e6f74686572e2809469742069732061626f757420646973636f766572696e672063756c74757265732c206372656174696e67206d656d6f726965732c20616e6420657870657269656e63696e672074686520626561757479206f662074686520776f726c642e205768657468657220796f752061726520706c616e6e696e6720612072656c6178696e6720626561636820686f6c696461792c20616e20616476656e7475726f7573206d6f756e7461696e20747269702c206f7220612063756c747572616c206369747920746f75722c20746f757269736d206f70656e732074686520646f6f7220746f20756e666f726765747461626c6520657870657269656e6365732e3c2f703e3c7020646174612d656e643d223632312220646174612d73746172743d22353938223e3c7370616e207374796c653d22666f6e742d73697a653a20313470743b223e3c7374726f6e673e57687920546f757269736d204d6174746572733c2f7374726f6e673e3c2f7370616e3e3c2f703e3c7020646174612d73746172743d223632322220646174612d656e643d22373235223e546f757269736d20706c617973206120766974616c20726f6c6520696e20636f6e6e656374696e672070656f706c6520616e6420737570706f7274696e67206c6f63616c2065636f6e6f6d6965732e20497420616c6c6f77732074726176656c65727320746f3a3c2f703e3c756c20646174612d73746172743d223732362220646174612d656e643d22393037223e0a3c6c6920646174612d73746172743d223732362220646174612d656e643d22373635223e0a3c7020646174612d73746172743d223732382220646174612d656e643d22373635223e4578706c6f7265206e65772063756c747572657320616e6420747261646974696f6e733c2f703e0a3c2f6c693e0a3c6c6920646174612d73746172743d223736362220646174612d656e643d22383132223e0a3c7020646174612d73746172743d223736382220646174612d656e643d22383132223e456e6a6f7920756e697175652063756973696e657320616e64206c6f63616c206c6966657374796c65733c2f703e0a3c2f6c693e0a3c6c6920646174612d73746172743d223831332220646174612d656e643d22383537223e0a3c7020646174612d73746172743d223831352220646174612d656e643d22383537223e537570706f7274206c6f63616c20627573696e657373657320616e6420636f6d6d756e69746965733c2f703e0a3c2f6c693e0a3c6c6920646174612d73746172743d223835382220646174612d656e643d22393037223e0a3c7020646174612d73746172743d223836302220646174612d656e643d22393037223e52656672657368207468656972206d696e647320616e6420657363617065206461696c7920726f7574696e65733c2f703e0a3c2f6c693e0a3c2f756c3e3c7020646174612d656e643d223933362220646174612d73746172743d22393039223e3c7370616e207374796c653d22666f6e742d73697a653a20313470743b223e3c7374726f6e673e546f7020546f757269736d20457870657269656e6365733c2f7374726f6e673e3c2f7370616e3e3c2f703e3c7020646174612d73746172743d223933372220646174612d656e643d22393832223e4d6f6465726e20746f757269736d206f666665727320736f6d657468696e6720666f722065766572796f6e653a3c2f703e3c756c20646174612d73746172743d223938332220646174612d656e643d2231333230223e0a3c6c6920646174612d73746172743d223938332220646174612d656e643d2231303735223e0a3c7020646174612d73746172743d223938352220646174612d656e643d2231303735223e3c7374726f6e6720646174612d73746172743d223938352220646174612d656e643d2231303035223e43756c747572616c20546f757269736d3c2f7374726f6e673e3a20446973636f76657220686973746f726963616c206c616e646d61726b732c206d757365756d732c20616e6420616e6369656e7420636976696c697a6174696f6e732e3c2f703e0a3c2f6c693e0a3c6c6920646174612d73746172743d22313037362220646174612d656e643d2231313534223e0a3c7020646174612d73746172743d22313037382220646174612d656e643d2231313534223e3c7374726f6e6720646174612d73746172743d22313037382220646174612d656e643d2231303939223e416476656e7475726520546f757269736d3c2f7374726f6e673e3a2048696b696e672c2064657365727420736166617269732c20646976696e672c20616e642065787472656d652073706f7274732e3c2f703e0a3c2f6c693e0a3c6c6920646174612d73746172743d22313135352220646174612d656e643d2231323338223e0a3c7020646174612d73746172743d22313135372220646174612d656e643d2231323338223e3c7374726f6e6720646174612d73746172743d22313135372220646174612d656e643d2231313735223e4c757875727920546f757269736d3c2f7374726f6e673e3a20466976652d73746172207265736f7274732c20637275697365732c20616e64207072656d69756d2074726176656c20657870657269656e6365732e3c2f703e0a3c2f6c693e0a3c6c6920646174612d73746172743d22313233392220646174612d656e643d2231333230223e0a3c7020646174612d73746172743d22313234312220646174612d656e643d2231333230223e3c7374726f6e6720646174612d73746172743d22313234312220646174612d656e643d2231323536223e45636f2d546f757269736d3c2f7374726f6e673e3a205375737461696e61626c652074726176656c2074686174207265737065637473206e617475726520616e642074686520656e7669726f6e6d656e742e3c2f703e0a3c2f6c693e0a3c2f756c3e3c7020646174612d656e643d22313334352220646174612d73746172743d2231333232223e3c7370616e207374796c653d22666f6e742d73697a653a20313470743b223e3c7374726f6e673e426573742054696d6520746f2054726176656c3c2f7374726f6e673e3c2f7370616e3e3c2f703e3c7020646174612d73746172743d22313334362220646174612d656e643d2231343033223e3c7374726f6e673eefbbbfefbbbf3c2f7374726f6e673e43686f6f73696e67207468652072696768742074696d6520746f2074726176656c20697320657373656e7469616c2e20436f6e73696465723a3c2f703e3c756c20646174612d73746172743d22313430342220646174612d656e643d2231353232223e0a3c6c6920646174612d73746172743d22313430342220646174612d656e643d2231343236223e0a3c7020646174612d73746172743d22313430362220646174612d656e643d2231343236223e5765617468657220636f6e646974696f6e733c2f703e0a3c2f6c693e0a3c6c6920646174612d73746172743d22313432372220646174612d656e643d2231343536223e0a3c7020646174612d73746172743d22313432392220646174612d656e643d2231343536223e5065616b20616e64206f66662d7065616b20736561736f6e733c2f703e0a3c2f6c693e0a3c6c6920646174612d73746172743d22313435372220646174612d656e643d2231343837223e0a3c7020646174612d73746172743d22313435392220646174612d656e643d2231343837223e4c6f63616c20666573746976616c7320616e64206576656e74733c2f703e0a3c2f6c693e0a3c6c6920646174612d73746172743d22313438382220646174612d656e643d2231353232223e0a3c7020646174612d73746172743d22313439302220646174612d656e643d2231353232223e4275646765742d667269656e646c792074726176656c20706572696f64733c2f703e0a3c2f6c693e0a3c2f756c3e3c7020646174612d656e643d22313536332220646174612d73746172743d2231353234223e3c7370616e207374796c653d22666f6e742d73697a653a20313470743b223e3c7374726f6e673e54726176656c205469707320666f7220612042657474657220457870657269656e63653c2f7374726f6e673e3c2f7370616e3e3c2f703e3c756c20646174612d73746172743d22313536342220646174612d656e643d2231373039223e0a3c6c6920646174612d73746172743d22313536342220646174612d656e643d2231353933223e0a3c7020646174612d73746172743d22313536362220646174612d656e643d2231353933223e506c616e20796f7572207472697020696e20616476616e63653c2f703e0a3c2f6c693e0a3c6c6920646174612d73746172743d22313539342220646174612d656e643d2231363335223e0a3c7020646174612d73746172743d22313539362220646174612d656e643d2231363335223e52657370656374206c6f63616c2063756c747572657320616e6420747261646974696f6e733c2f703e0a3c2f6c693e0a3c6c6920646174612d73746172743d22313633362220646174612d656e643d2231363730223e0a3c7020646174612d73746172743d22313633382220646174612d656e643d2231363730223e547279206c6f63616c20666f6f6420616e6420657870657269656e6365733c2f703e0a3c2f6c693e0a3c6c6920646174612d73746172743d22313637312220646174612d656e643d2231373039223e0a3c7020646174612d73746172743d22313637332220646174612d656e643d2231373039223e54726176656c20726573706f6e7369626c7920616e64207375737461696e61626c793c2f703e0a3c2f6c693e0a3c2f756c3e3c7020646174612d656e643d22313732352220646174612d73746172743d2231373131223e3c7370616e207374796c653d22666f6e742d73697a653a20313470743b223e3c7374726f6e673e436f6e636c7573696f6e3c2f7374726f6e673e3c2f7370616e3e3c2f703e3c7020646174612d73746172743d22313732362220646174612d656e643d2231393438223e546f757269736d2069732061206a6f75726e6579206f6620646973636f766572792c206c6561726e696e672c20616e6420656e6a6f796d656e742e20576974682070726f70657220706c616e6e696e6720616e6420616e206f70656e206d696e642c20657665727920747269702063616e206265636f6d652061206c6966652d6368616e67696e6720657870657269656e63652e20537461727420796f7572206a6f75726e657920746f64617920616e64206578706c6f72652074686520776f726c64206f6e652064657374696e6174696f6e20617420612074696d652e3c2f703e3c703e3c62723e3c2f703e3c7020646174612d73746172743d22313935302220646174612d656e643d2232303630223e3c7374726f6e6720646174612d73746172743d22313935302220646174612d656e643d2231393632223e4b6579776f7264733c2f7374726f6e673e3a20746f757269736d2c2074726176656c2067756964652c20626573742074726176656c2064657374696e6174696f6e732c2063756c747572616c20746f757269736d2c20616476656e747572652074726176656c2c2065636f2d746f757269736d3c2f703e, ''),
(97, 49, 'من نحن', 'من-نحن', 'ar', 1, '2026-02-03 16:53:52', '2026-02-03 16:53:52', 0x3c703e3c7370616e207374796c653d22666f6e742d7765696768743a203730303b223ed8b4d8b1d983d8a920d8a8d98620d8aad8b1d983d98a20d984d984d8b3d98ad8a7d8add8a920d988d8a7d984d8b3d981d8b13c2f7370616e3e266e6273703bd987d98a20d8b4d8b1d983d8a920d985d8aad8aed8b5d8b5d8a920d981d98a20d985d8acd8a7d98420d8a7d984d8b3d981d8b120d988d8a7d984d8b3d98ad8a7d8add8a9d88c20d985d984d8aad8b2d985d8a920d8a8d8aad982d8afd98ad98520d8aad8acd8a7d8b1d8a820d8b3d981d8b120d8a7d8b3d8aad8abd986d8a7d8a6d98ad8a920d985d8a8d986d98ad8a920d8b9d984d98920d8a7d984d8abd982d8a920d988d8a7d984d8a7d8add8aad8b1d8a7d981d98ad8a920d988d8a7d984d8aed8a8d8b1d8a920d8a7d984d985d8add984d98ad8a92e20d986d8aad8aed8b5d8b520d981d98a20d8aad988d981d98ad8b120d8add984d988d98420d8b3d981d8b120d8b4d8a7d985d984d8a920d985d8b5d985d985d8a920d8aed8b5d98ad8b5d98bd8a720d984d8aad984d8a8d98ad8a920d8a7d8add8aad98ad8a7d8acd8a7d8aa20d8a7d984d8a3d981d8b1d8a7d8af20d988d8a7d984d8b9d8a7d8a6d984d8a7d8aa20d988d8a7d984d8b4d8b1d983d8a7d8aa2e3c2f703e3c703e3c62723e3c2f703e3c703ed8a8d981d8b6d98420d981d987d985d986d8a720d8a7d984d8b9d985d98ad98220d984d982d8b7d8a7d8b920d8a7d984d8b3d98ad8a7d8add8a920d988d8b4d8a8d983d8a920d8b4d8b1d983d8a7d8a6d986d8a720d8a7d984d982d988d98ad8a9d88c20d986d982d8afd98520d985d8acd985d988d8b9d8a920d988d8a7d8b3d8b9d8a920d985d98620d8a7d984d8aed8afd985d8a7d8aa20d8aad8b4d985d98420d8aad8aed8b7d98ad8b720d8a7d984d8b1d8add984d8a7d8aad88c20d988d8a8d8a7d982d8a7d8aa20d8a7d984d8b1d8add984d8a7d8aa20d8a7d984d8b3d98ad8a7d8add98ad8a9d88c20d988d8add8acd988d8b2d8a7d8aa20d8a7d984d981d986d8a7d8afd982d88c20d988d8aad8b1d8aad98ad8a8d8a7d8aa20d8a7d984d986d982d984d88c20d988d8a8d8b1d8a7d985d8ac20d8a7d984d8b1d8add984d8a7d8aa20d8a7d984d985d8b5d985d985d8a920d8add8b3d8a820d8a7d984d8b7d984d8a82e20d987d8afd981d986d8a720d987d98820d8acd8b9d98420d983d98420d8b1d8add984d8a920d8b3d984d8b3d8a920d988d985d985d8aad8b9d8a920d984d8a720d8aad98fd986d8b3d989d88c20d985d98620d984d8add8b8d8a920d8aad8aed8b7d98ad8b720d8b9d985d984d8a7d8a6d986d8a720d984d8b1d8add984d8aad987d98520d988d8add8aad98920d8b9d988d8afd8aad987d98520d8a5d984d98920d8afd98ad8a7d8b1d987d9852e3c2f703e3c703e3c62723e3c2f703e3c703ed981d98a20d8b4d8b1d983d8a920d8a8d98620d8aad8b1d983d98a20d984d984d8b3d98ad8a7d8add8a920d988d8a7d984d8b3d981d8b1d88c20d986d8a4d985d98620d8a3d98620d8a7d984d8b3d981d8b120d984d98ad8b320d985d8acd8b1d8af20d8a7d986d8aad982d8a7d98420d985d98620d985d983d8a7d98620d8a5d984d98920d8a2d8aed8b1d88c20d8a8d98420d987d98820d8b1d8add984d8a920d8a7d983d8aad8b4d8a7d98120d988d8b1d8a7d8add8a920d988d8aad8acd8a7d8b1d8a820d982d98ad991d985d8a92e20d984d8b0d984d98320d986d988d984d98a20d8a7d987d8aad985d8a7d985d98bd8a720d8a8d8a7d984d8bad98bd8a720d8a8d8a7d984d8aad981d8a7d8b5d98ad984d88c20d988d986d982d8afd98520d8aed8afd985d8a920d8b4d981d8a7d981d8a9d88c20d988d8afd8b9d985d98bd8a720d8b4d8aed8b5d98ad98bd8a720d981d98a20d983d98420d8aed8b7d988d8a92e3c2f703e3c703e3c62723e3c2f703e3c703ed98ad8afd981d8b920d981d8b1d98ad982d986d8a720d8b4d8bad98120d8a7d984d8b3d981d8b120d988d8a7d984d8aad8b2d8a7d985d986d8a720d8a8d8a7d984d8aad985d98ad8b2d88c20d985d985d8a720d98ad8b6d985d98620d8add8b5d988d98420d983d98420d8b9d985d98ad98420d8b9d984d98920d8a5d8b1d8b4d8a7d8afd8a7d8aa20d985d988d8abd988d982d8a9d88c20d988d8aed98ad8a7d8b1d8a7d8aa20d8aad986d8a7d981d8b3d98ad8a9d88c20d988d8aed8afd985d8a920d8b9d8a7d984d98ad8a920d8a7d984d8acd988d8afd8a92e20d8b3d988d8a7d8a120d983d986d8aa20d985d8b3d8a7d981d8b1d98bd8a720d984d984d8aad8b1d981d98ad98720d8a3d98820d8a7d984d8b9d985d98420d8a3d98820d984d985d986d8a7d8b3d8a8d8a7d8aa20d8aed8a7d8b5d8a9d88c20d986d8b3d8b9d98920d8acd8a7d987d8afd98ad98620d984d8aad8acd8a7d988d8b220d8aad988d982d8b9d8a7d8aad983d98520d988d8aad8add988d98ad98420d983d98420d8b1d8add984d8a920d8a5d984d98920d8b0d983d8b1d98920d8aed8a7d984d8afd8a92e3c2f703e3c703e3c62723e3c2f703e3c703e3c7370616e207374796c653d22666f6e742d7765696768743a203730303b223ed8a8d98620d8aad8b1d983d98a20d984d984d8b3d98ad8a7d8add8a920d988d8a7d984d8b3d981d8b1202d20d8b4d8b1d98ad983d98320d8a7d984d985d988d8abd988d98220d981d98a20d8a7d8b3d8aad983d8b4d8a7d98120d8a7d984d8b9d8a7d984d9852e3c2f7370616e3e3c2f703e, '');
INSERT INTO `block_translations` (`id`, `block_id`, `name`, `slug`, `language`, `is_active`, `created_at`, `updated_at`, `description`, `brief`) VALUES
(98, 49, 'About Us', 'about-us', 'en', 1, '2026-02-03 16:53:52', '2026-02-03 16:53:52', 0x3c7020646174612d73746172743d223232312220646174612d656e643d22353333223e3c7370616e20646174612d73746172743d223232312220646174612d656e643d2232353322207374796c653d22666f6e742d7765696768743a203730303b223e42696e205475726b6920546f757269737420616e642054726176656c3c2f7370616e3e266e6273703b69732061206465646963617465642074726176656c20616e6420746f757269736d20636f6d70616e7920636f6d6d697474656420746f2064656c69766572696e6720657863657074696f6e616c2074726176656c20657870657269656e636573206275696c74206f6e2074727573742c2070726f66657373696f6e616c69736d2c20616e64206c6f63616c206578706572746973652e205765207370656369616c697a6520696e2070726f766964696e6720636f6d70726568656e736976652074726176656c20736f6c7574696f6e73207461696c6f72656420746f20746865206e65656473206f6620696e646976696475616c732c2066616d696c6965732c20616e6420636f72706f7261746520636c69656e74732e3c2f703e3c7020646174612d73746172743d223533352220646174612d656e643d22393036223e576974682061206465657020756e6465727374616e64696e67206f662074686520746f757269736d20696e64757374727920616e642061207374726f6e67206e6574776f726b206f6620706172746e6572732c207765206f66666572206120776964652072616e6765206f6620736572766963657320696e636c7564696e672074726176656c20706c616e6e696e672c20746f7572207061636b616765732c20686f74656c207265736572766174696f6e732c207472616e73706f72746174696f6e20617272616e67656d656e74732c20616e6420637573746f6d697a6564206974696e657261726965732e204f757220676f616c20697320746f206d616b65206576657279206a6f75726e657920736d6f6f74682c20656e6a6f7961626c652c20616e64206d656d6f7261626c65e2809466726f6d20746865206d6f6d656e74206f757220636c69656e747320706c616e207468656972207472697020756e74696c20746865792072657475726e20686f6d652e3c2f703e3c7020646174612d73746172743d223930382220646174612d656e643d2231313736223e41742042696e205475726b6920546f757269737420616e642054726176656c2c2077652062656c6965766520746861742074726176656c206973206d6f7265207468616e206d6f76696e672066726f6d206f6e6520706c61636520746f20616e6f746865723b2069742069732061626f757420646973636f766572792c20636f6d666f72742c20616e64206d65616e696e6766756c20657870657269656e6365732e20546861742069732077687920776520666f637573206f6e20617474656e74696f6e20746f2064657461696c2c207472616e73706172656e7420736572766963652c20616e6420706572736f6e616c697a656420737570706f727420617420657665727920737465702e3c2f703e3c7020646174612d73746172743d22313137382220646174612d656e643d2231353030223e4f7572207465616d2069732064726976656e20627920612070617373696f6e20666f722074726176656c20616e64206120636f6d6d69746d656e7420746f20657863656c6c656e63652c20656e737572696e672074686174206561636820636c69656e742072656365697665732072656c6961626c652067756964616e63652c20636f6d7065746974697665206f7074696f6e732c20616e6420686967682d7175616c69747920736572766963652e205768657468657220796f75206172652074726176656c696e6720666f72206c6569737572652c20627573696e6573732c206f72207370656369616c206f63636173696f6e732c2077652073747269766520746f20657863656564206578706563746174696f6e7320616e64207475726e206576657279207472697020696e746f2061206c617374696e67206d656d6f72792e3c2f703e3c703e3c62723e3c2f703e3c7020646174612d73746172743d22313530322220646174612d656e643d2231353831223e3c7370616e20646174612d73746172743d22313530322220646174612d656e643d223135383122207374796c653d22666f6e742d7765696768743a203730303b223e42696e205475726b6920546f757269737420616e642054726176656c20e2809420596f7572207472757374656420706172746e657220696e206578706c6f72696e672074686520776f726c642e3c2f7370616e3e3c2f703e, 0x3c7020646174612d73746172743d223232312220646174612d656e643d22353333223e3c62723e3c2f703e),
(103, 52, 'قصتنا', 'قصتنا-3', 'ar', 1, '2026-02-03 17:24:10', '2026-02-03 17:24:10', 0x3c703ed8aad8a3d8b3d8b3d8aa2022d8a8d98620d8aad8b1d983d98a20d984d984d8b3d981d8b120d988d8a7d984d8b3d98ad8a7d8add8a92220d985d98620d8b4d8bad98120d8b9d985d98ad98220d8a8d8a7d984d8a7d8b3d8aad983d8b4d8a7d98120d988d8a7d984d8aad8b2d8a7d98520d8b1d8a7d8b3d8ae20d8a8d985d8af20d8acd8b3d988d8b120d8a7d984d8aad988d8a7d8b5d98420d8a8d98ad98620d8a7d984d8abd982d8a7d981d8a7d8aa2e20d988d985d98620d8aed984d8a7d98420d8b3d986d988d8a7d8aa20d985d98620d8a7d984d8aed8a8d8b1d8a920d981d98a20d8a7d984d8a3d8b3d988d8a7d98220d8a7d984d8a5d982d984d98ad985d98ad8a920d988d8a7d984d8afd988d984d98ad8a9d88c20d8aad8b7d988d8b1d986d8a720d985d98620d988d983d8a7d984d8a920d985d8add984d98ad8a920d984d986d8b5d8a8d8ad20d8b4d8b1d98ad983d8a7d98b20d8b1d8a7d8a6d8afd8a7d98b20d981d98a20d8b9d8a7d984d98520d8a7d984d8b3d981d8b12e20d8a8d8afd8a3d8aa20d8b1d8add984d8aad986d8a720d8a8d8a5d98ad985d8a7d98620d8a8d8b3d98ad8b73a20d8a3d98620d8a7d984d8b3d981d8b120d984d8a720d98ad986d8a8d8bad98a20d8a3d98620d98ad983d988d98620d985d8acd8b1d8af20d988d8acd987d8a9d88c20d8a8d98420d8aad8acd8b1d8a8d8a920d8bad986d98ad8a920d988d8b3d984d8b3d8a920d8aad8bad98ad8b120d985d8acd8b1d98920d8a7d984d8add98ad8a7d8a92e20d8a7d984d98ad988d985d88c20d986d8add98620d985d8aad8aed8b5d8b5d988d98620d981d98a20d8aad8b5d985d98ad98520d8b1d8add984d8a7d8aa20d985d8aed8b5d8b5d8a9d88c20d985d98620d8a7d984d985d984d8a7d8b0d8a7d8aa20d8a7d984d981d8a7d8aed8b1d8a920d8a5d984d98920d8a7d984d8b1d8add984d8a7d8aa20d8a7d984d8abd982d8a7d981d98ad8a9d88c20d984d986d8b6d985d98620d984d983d98420d985d8b3d8a7d981d8b120d8a7d984d8b9d8abd988d8b120d8b9d984d98920d985d8b3d8a7d8b1d98720d8a7d984d8aed8a7d8b520d8a8d983d98420d8abd982d8a920d988d8b1d8a7d8add8a92e3c2f703e, ''),
(104, 52, 'Our Story', 'our-story-3', 'en', 1, '2026-02-03 17:24:10', '2026-02-03 17:24:10', 0x3c703e42696e205475726b692054726176656c20616e6420546f757269736d2077617320626f726e206f7574206f6620612070617373696f6e20666f72206578706c6f726174696f6e20616e64206120636f6d6d69746d656e7420746f206272696467696e672063756c74757265732e2057697468207965617273206f662065787065727469736520696e20746865204d6964646c65204561737465726e20616e6420696e7465726e6174696f6e616c206d61726b6574732c20776520686176652065766f6c7665642066726f6d2061206c6f63616c206167656e637920696e746f2061207072656d6965722074726176656c20706172746e65722e204f7572206a6f75726e657920626567616e207769746820612073696d706c652062656c6965663a20746861742074726176656c2073686f756c64206265206d6f7265207468616e206a75737420612064657374696e6174696f6ee2809469742073686f756c642062652061207365616d6c6573732c206c6966652d656e72696368696e6720657870657269656e63652e20546f6461792c207765207370656369616c697a6520696e206375726174696e6720626573706f6b65206a6f75726e6579732c2066726f6d206c7578757279206573636170657320746f2063756c747572616c2070696c6772696d616765732c20656e737572696e672065766572792074726176656c65722066696e6473207468656972206f776e2070617468207769746820636f6e666964656e636520616e6420636f6d666f72742e3c2f703e, ''),
(105, 53, 'رسالتنا', 'رسالتنا', 'ar', 1, '2026-02-03 18:08:17', '2026-02-03 18:08:17', 0x3c703ed984d8aed984d98220d8aad8acd8a7d8b1d8a820d8b3d981d8b120d8a7d8b3d8aad8abd986d8a7d8a6d98ad8a920d8aad98fd8a8d8b1d8b220d8a7d984d8aad8b1d8a7d8ab20d8a7d984d8bad986d98a20d988d8a7d984d8acd985d8a7d98420d8a7d984d8b7d8a8d98ad8b9d98a20d988d983d8b1d98520d8a7d984d8b6d98ad8a7d981d8a920d981d98a20d8b4d8a8d98720d8a7d984d8acd8b2d98ad8b1d8a920d8a7d984d8b9d8b1d8a8d98ad8a920d985d8b920d8b6d985d8a7d98620d8a3d8b9d984d98920d985d8b9d8a7d98ad98ad8b120d8a7d984d8b3d984d8a7d985d8a920d988d8a7d984d8aed8afd985d8a92e3c2f703e, ''),
(106, 53, 'Our Mission', 'our-mission', 'en', 1, '2026-02-03 18:08:17', '2026-02-03 18:08:17', 0x3c703e546f206372656174652065787472616f7264696e6172792074726176656c20657870657269656e63657320746861742073686f77636173652074686520726963682068657269746167652c206e61747572616c206265617574792c20616e64207761726d20686f73706974616c697479206f6620746865204172616269616e2050656e696e73756c61207768696c6520656e737572696e67207468652068696768657374207374616e6461726473206f662073616665747920616e6420736572766963652e3c2f703e, ''),
(107, 54, 'رؤيتنا', 'رؤيتنا', 'ar', 1, '2026-02-03 18:10:00', '2026-02-03 18:10:00', 0x3c703ed8a3d98620d986d983d988d98620d8a7d984d8b4d8b1d983d8a920d8a7d984d8b3d98ad8a7d8add98ad8a920d8a7d984d8b1d8a7d8a6d8afd8a920d981d98a20d8a7d984d8b4d8b1d98220d8a7d984d8a3d988d8b3d8b7d88c20d988d8a7d984d985d8b9d8b1d988d981d8a920d8b9d8a7d984d985d98ad8a7d98b20d8a8d8aad8acd8a7d8b1d8a8d986d8a720d8a7d984d985d8a8d8aad983d8b1d8a920d988d985d985d8a7d8b1d8b3d8a7d8aad986d8a720d8a7d984d985d8b3d8aad8afd8a7d985d8a920d988d8a7d984d8aad8b2d8a7d985d986d8a720d8a7d984d8b1d8a7d8b3d8ae20d8a8d8b1d8b6d8a720d8a7d984d8b6d98ad988d9812e3c2f703e, ''),
(108, 54, 'Our Vision', 'our-vision', 'en', 1, '2026-02-03 18:10:00', '2026-02-03 18:10:00', 0x3c703e3c7370616e207374796c653d22636f6c6f723a207267622839322c203131322c20313035293b20666f6e742d66616d696c793a202671756f743b444d2053616e732671756f743b2c2073616e732d73657269663b20666f6e742d73697a653a206d656469756d3b206261636b67726f756e642d636f6c6f723a20726762283235312c203235302c20323439293b223e546f20626520746865206c656164696e6720746f757269736d20636f6d70616e7920696e20746865204d6964646c6520456173742c207265636f676e697a656420676c6f62616c6c7920666f72206f757220696e6e6f76617469766520657870657269656e6365732c207375737461696e61626c65207072616374696365732c20616e6420756e7761766572696e6720636f6d6d69746d656e7420746f20677565737420736174697366616374696f6e2e3c2f7370616e3e3c2f703e, '');

-- --------------------------------------------------------

--
-- Table structure for table `cache`
--

CREATE TABLE `cache` (
  `key` varchar(255) NOT NULL,
  `value` mediumtext NOT NULL,
  `expiration` int(11) NOT NULL
) ENGINE=InnoDB DEFAULT CHARSET=utf8mb4 COLLATE=utf8mb4_unicode_ci;

-- --------------------------------------------------------

--
-- Table structure for table `cache_locks`
--

CREATE TABLE `cache_locks` (
  `key` varchar(255) NOT NULL,
  `owner` varchar(255) NOT NULL,
  `expiration` int(11) NOT NULL
) ENGINE=InnoDB DEFAULT CHARSET=utf8mb4 COLLATE=utf8mb4_unicode_ci;

-- --------------------------------------------------------

--
-- Table structure for table `contacts`
--

CREATE TABLE `contacts` (
  `id` bigint(20) UNSIGNED NOT NULL,
  `agent_id` bigint(20) UNSIGNED DEFAULT NULL,
  `name` varchar(255) NOT NULL,
  `phone` varchar(255) NOT NULL,
  `email` varchar(255) DEFAULT NULL,
  `message` varchar(255) DEFAULT NULL,
  `type` varchar(255) NOT NULL,
  `action` text DEFAULT NULL,
  `created_at` timestamp NULL DEFAULT NULL,
  `updated_at` timestamp NULL DEFAULT NULL
) ENGINE=InnoDB DEFAULT CHARSET=utf8mb4 COLLATE=utf8mb4_unicode_ci;

-- --------------------------------------------------------

--
-- Table structure for table `customers`
--

CREATE TABLE `customers` (
  `id` bigint(20) UNSIGNED NOT NULL,
  `name` varchar(255) NOT NULL,
  `created_at` timestamp NULL DEFAULT NULL,
  `updated_at` timestamp NULL DEFAULT NULL
) ENGINE=InnoDB DEFAULT CHARSET=utf8mb4 COLLATE=utf8mb4_unicode_ci;

-- --------------------------------------------------------

--
-- Stand-in structure for view `customers_view`
-- (See below for the actual view)
--
CREATE TABLE `customers_view` (
`user_id` bigint(20) unsigned
,`customer_id` bigint(20) unsigned
,`name` varchar(255)
,`email` varchar(255)
,`avatar` varchar(255)
,`is_active` tinyint(1)
,`created_at` timestamp
);

-- --------------------------------------------------------

--
-- Table structure for table `failed_jobs`
--

CREATE TABLE `failed_jobs` (
  `id` bigint(20) UNSIGNED NOT NULL,
  `uuid` varchar(255) NOT NULL,
  `connection` text NOT NULL,
  `queue` text NOT NULL,
  `payload` longtext NOT NULL,
  `exception` longtext NOT NULL,
  `failed_at` timestamp NOT NULL DEFAULT current_timestamp()
) ENGINE=InnoDB DEFAULT CHARSET=utf8mb4 COLLATE=utf8mb4_unicode_ci;

-- --------------------------------------------------------

--
-- Table structure for table `files`
--

CREATE TABLE `files` (
  `id` bigint(20) UNSIGNED NOT NULL,
  `name` varchar(255) DEFAULT NULL,
  `url` varchar(255) NOT NULL,
  `reference_id` bigint(20) UNSIGNED NOT NULL,
  `reference_type` varchar(255) NOT NULL,
  `order` int(11) NOT NULL,
  `is_active` tinyint(1) NOT NULL DEFAULT 1,
  `is_image` tinyint(1) NOT NULL DEFAULT 1,
  `is_cover` tinyint(1) NOT NULL DEFAULT 0,
  `created_at` timestamp NULL DEFAULT NULL,
  `updated_at` timestamp NULL DEFAULT NULL,
  `description` longblob DEFAULT NULL
) ENGINE=InnoDB DEFAULT CHARSET=utf8mb4 COLLATE=utf8mb4_unicode_ci;

--
-- Dumping data for table `files`
--

INSERT INTO `files` (`id`, `name`, `url`, `reference_id`, `reference_type`, `order`, `is_active`, `is_image`, `is_cover`, `created_at`, `updated_at`, `description`) VALUES
(1, '', 'block-6972713584841.jpg', 39, 'App\\Models\\Block', 0, 1, 1, 1, '2026-01-22 14:49:25', '2026-01-22 14:49:25', ''),
(2, '', 'block-697271588f594.jpg', 39, 'App\\Models\\Block', 0, 1, 1, 0, '2026-01-22 14:50:00', '2026-01-22 14:50:00', ''),
(3, '', 'block-6972715b5e46c.jpg', 39, 'App\\Models\\Block', 0, 1, 1, 0, '2026-01-22 14:50:03', '2026-01-22 14:50:03', ''),
(4, '', 'block-697271eaaef5d.jpg', 40, 'App\\Models\\Block', 0, 1, 1, 1, '2026-01-22 14:52:26', '2026-01-22 14:52:26', ''),
(5, '', 'block-697271fcb5ab0.jpg', 40, 'App\\Models\\Block', 0, 1, 1, 0, '2026-01-22 14:52:44', '2026-01-22 14:52:44', ''),
(6, '', 'block-697271ff1fc34.jpg', 40, 'App\\Models\\Block', 0, 1, 1, 0, '2026-01-22 14:52:47', '2026-01-22 14:52:47', ''),
(7, '', 'block-697272b1e34cf.jpg', 41, 'App\\Models\\Block', 0, 1, 1, 1, '2026-01-22 14:55:45', '2026-01-22 14:55:45', ''),
(8, '', 'block-697272d529513.jpg', 41, 'App\\Models\\Block', 0, 1, 1, 0, '2026-01-22 14:56:21', '2026-01-22 14:56:21', ''),
(9, '', 'block-697272d79daf0.jpg', 41, 'App\\Models\\Block', 0, 1, 1, 0, '2026-01-22 14:56:23', '2026-01-22 14:56:23', ''),
(10, '', 'block-697273774b915.jpg', 42, 'App\\Models\\Block', 0, 1, 1, 1, '2026-01-22 14:59:03', '2026-01-22 14:59:03', ''),
(11, '', 'block-6972738a09aa3.jpg', 42, 'App\\Models\\Block', 0, 1, 1, 0, '2026-01-22 14:59:22', '2026-01-22 14:59:22', ''),
(12, '', 'block-6972738c92133.jpg', 42, 'App\\Models\\Block', 0, 1, 1, 0, '2026-01-22 14:59:24', '2026-01-22 14:59:24', ''),
(13, '', 'block-6972738f2c710.jpg', 42, 'App\\Models\\Block', 0, 1, 1, 0, '2026-01-22 14:59:27', '2026-01-22 14:59:27', ''),
(14, '', 'block-6972745983154.jpg', 43, 'App\\Models\\Block', 0, 1, 1, 1, '2026-01-22 15:02:49', '2026-01-22 15:02:49', ''),
(15, '', 'block-6972746c60bde.jpg', 43, 'App\\Models\\Block', 0, 1, 1, 0, '2026-01-22 15:03:08', '2026-01-22 15:03:08', ''),
(16, '', 'block-6972746f05d02.jpg', 43, 'App\\Models\\Block', 0, 1, 1, 0, '2026-01-22 15:03:11', '2026-01-22 15:03:11', ''),
(17, '', 'block-69727518e295c.jpg', 44, 'App\\Models\\Block', 0, 1, 1, 1, '2026-01-22 15:06:00', '2026-01-22 15:06:00', ''),
(18, '', 'block-697275274f3a2.jpg', 44, 'App\\Models\\Block', 0, 1, 1, 0, '2026-01-22 15:06:15', '2026-01-22 15:06:15', ''),
(19, '', 'block-697275d8714a5.jpg', 45, 'App\\Models\\Block', 0, 1, 1, 1, '2026-01-22 15:09:12', '2026-01-22 15:09:12', ''),
(20, '', 'block-697275e2bee3d.jpg', 45, 'App\\Models\\Block', 0, 1, 1, 0, '2026-01-22 15:09:22', '2026-01-22 15:09:22', ''),
(21, '', 'block-69727783bbe33.jpg', 46, 'App\\Models\\Block', 0, 1, 1, 1, '2026-01-22 15:16:19', '2026-01-22 15:16:19', ''),
(22, '', 'block-6972778ac1e8e.jpg', 46, 'App\\Models\\Block', 0, 1, 1, 0, '2026-01-22 15:16:26', '2026-01-22 15:16:26', ''),
(23, '', 'block-6972778cd00d5.jpg', 46, 'App\\Models\\Block', 0, 1, 1, 0, '2026-01-22 15:16:28', '2026-01-22 15:16:28', ''),
(24, '', 'block-69727970dfaf8.jpg', 47, 'App\\Models\\Block', 0, 1, 1, 1, '2026-01-22 15:24:32', '2026-01-22 15:24:32', ''),
(25, '', 'block-6981ed15a3b3e.jpg', 48, 'App\\Models\\Block', 0, 1, 1, 1, '2026-02-03 08:41:57', '2026-02-03 08:41:57', ''),
(26, '', 'block-6982606098c96.avif', 49, 'App\\Models\\Block', 0, 1, 1, 1, '2026-02-03 16:53:52', '2026-02-03 16:53:52', ''),
(27, '', 'block-6982677a9f23a.jpg', 52, 'App\\Models\\Block', 0, 1, 1, 1, '2026-02-03 17:24:10', '2026-02-03 17:24:10', '');

-- --------------------------------------------------------

--
-- Table structure for table `jobs`
--

CREATE TABLE `jobs` (
  `id` bigint(20) UNSIGNED NOT NULL,
  `queue` varchar(255) NOT NULL,
  `payload` longtext NOT NULL,
  `attempts` tinyint(3) UNSIGNED NOT NULL,
  `reserved_at` int(10) UNSIGNED DEFAULT NULL,
  `available_at` int(10) UNSIGNED NOT NULL,
  `created_at` int(10) UNSIGNED NOT NULL
) ENGINE=InnoDB DEFAULT CHARSET=utf8mb4 COLLATE=utf8mb4_unicode_ci;

-- --------------------------------------------------------

--
-- Table structure for table `job_batches`
--

CREATE TABLE `job_batches` (
  `id` varchar(255) NOT NULL,
  `name` varchar(255) NOT NULL,
  `total_jobs` int(11) NOT NULL,
  `pending_jobs` int(11) NOT NULL,
  `failed_jobs` int(11) NOT NULL,
  `failed_job_ids` longtext NOT NULL,
  `options` mediumtext DEFAULT NULL,
  `cancelled_at` int(11) DEFAULT NULL,
  `created_at` int(11) NOT NULL,
  `finished_at` int(11) DEFAULT NULL
) ENGINE=InnoDB DEFAULT CHARSET=utf8mb4 COLLATE=utf8mb4_unicode_ci;

-- --------------------------------------------------------

--
-- Table structure for table `languages`
--

CREATE TABLE `languages` (
  `id` bigint(20) UNSIGNED NOT NULL,
  `name` varchar(255) NOT NULL,
  `code` varchar(255) NOT NULL,
  `flag_code` varchar(255) DEFAULT NULL,
  `level_order` int(11) DEFAULT NULL,
  `direction` enum('ltr','rtl') NOT NULL DEFAULT 'ltr',
  `is_active` tinyint(1) NOT NULL DEFAULT 1,
  `created_at` timestamp NULL DEFAULT NULL,
  `updated_at` timestamp NULL DEFAULT NULL
) ENGINE=InnoDB DEFAULT CHARSET=utf8mb4 COLLATE=utf8mb4_unicode_ci;

--
-- Dumping data for table `languages`
--

INSERT INTO `languages` (`id`, `name`, `code`, `flag_code`, `level_order`, `direction`, `is_active`, `created_at`, `updated_at`) VALUES
(1, 'Arabic', 'ar', 'ae', 1, 'rtl', 1, '2026-01-22 14:29:41', '2026-01-22 14:29:41'),
(2, 'English', 'en', 'gb', 2, 'ltr', 1, '2026-01-22 14:29:41', '2026-01-22 14:29:41');

-- --------------------------------------------------------

--
-- Table structure for table `leads`
--

CREATE TABLE `leads` (
  `id` bigint(20) UNSIGNED NOT NULL,
  `reference_id` bigint(20) UNSIGNED NOT NULL,
  `reference_type` varchar(255) NOT NULL,
  `agent_id` bigint(20) UNSIGNED DEFAULT NULL,
  `name` varchar(255) NOT NULL,
  `phone` varchar(255) NOT NULL,
  `email` varchar(255) DEFAULT NULL,
  `message` text DEFAULT NULL,
  `action` text DEFAULT NULL,
  `created_at` timestamp NULL DEFAULT NULL,
  `updated_at` timestamp NULL DEFAULT NULL
) ENGINE=InnoDB DEFAULT CHARSET=utf8mb4 COLLATE=utf8mb4_unicode_ci;

-- --------------------------------------------------------

--
-- Table structure for table `links`
--

CREATE TABLE `links` (
  `id` bigint(20) UNSIGNED NOT NULL,
  `project_id` bigint(20) UNSIGNED NOT NULL,
  `github_url` varchar(255) NOT NULL,
  `preview_url` varchar(255) NOT NULL,
  `created_at` timestamp NULL DEFAULT NULL,
  `updated_at` timestamp NULL DEFAULT NULL
) ENGINE=InnoDB DEFAULT CHARSET=utf8mb4 COLLATE=utf8mb4_unicode_ci;

-- --------------------------------------------------------

--
-- Table structure for table `menus`
--

CREATE TABLE `menus` (
  `id` bigint(20) UNSIGNED NOT NULL,
  `parent_id` bigint(20) UNSIGNED DEFAULT NULL,
  `category_id` bigint(20) UNSIGNED DEFAULT NULL,
  `category` varchar(255) DEFAULT NULL,
  `name` varchar(255) NOT NULL,
  `level_order` int(11) DEFAULT NULL,
  `url` varchar(255) NOT NULL,
  `target` varchar(255) DEFAULT NULL,
  `type` varchar(255) DEFAULT NULL,
  `file` varchar(255) DEFAULT NULL,
  `image` varchar(255) DEFAULT NULL,
  `is_active` tinyint(1) NOT NULL DEFAULT 1,
  `block_type` varchar(255) DEFAULT NULL,
  `created_at` timestamp NULL DEFAULT NULL,
  `updated_at` timestamp NULL DEFAULT NULL
) ENGINE=InnoDB DEFAULT CHARSET=utf8mb4 COLLATE=utf8mb4_unicode_ci;

--
-- Dumping data for table `menus`
--

INSERT INTO `menus` (`id`, `parent_id`, `category_id`, `category`, `name`, `level_order`, `url`, `target`, `type`, `file`, `image`, `is_active`, `block_type`, `created_at`, `updated_at`) VALUES
(1, NULL, NULL, 'main-menu', 'main-menu-menu', 0, '/home', '_self', 'Home', NULL, NULL, 1, NULL, '2026-01-22 15:20:50', '2026-02-03 09:11:28'),
(2, NULL, NULL, 'main-menu', 'main-menu-menu', 1, '/package', '_self', 'Block', NULL, NULL, 1, 'Package', '2026-01-22 15:21:31', '2026-01-22 15:21:31'),
(3, NULL, NULL, 'main-menu', 'main-menu-menu', 2, '/trip', '_self', 'Block', NULL, NULL, 1, 'Trip', '2026-01-22 15:21:46', '2026-02-03 09:11:28'),
(4, NULL, NULL, 'main-menu', 'main-menu-menu', 3, '/calendar', '_self', 'Block', NULL, NULL, 1, 'Calendar', '2026-01-22 15:22:33', '2026-02-03 09:11:28'),
(5, NULL, NULL, 'main-menu', 'main-menu-menu', 5, '/about-us', '_self', 'Block', NULL, NULL, 1, 'About Us', '2026-01-22 15:22:50', '2026-02-03 09:11:28'),
(6, NULL, NULL, 'main-menu', 'main-menu-menu', 6, '/contact', '_self', 'Block', NULL, NULL, 1, 'Contact', '2026-01-22 15:23:14', '2026-02-03 09:11:28'),
(7, NULL, NULL, 'contact-menu', 'contact-menu-menu', 1, 'mailto:info@binturkigroup.com', '_self', 'Contact', NULL, 'mail', 1, NULL, '2026-02-01 20:10:29', '2026-02-01 20:10:29'),
(8, NULL, NULL, 'contact-menu', 'contact-menu-menu', 1, 'tel:+971 50 000 0000', '_self', 'Contact', NULL, 'phone', 1, NULL, '2026-02-01 20:12:30', '2026-02-01 20:12:30'),
(9, NULL, NULL, 'social-menu', 'social-menu-menu', 1, 'https://www.facebook.com/profile.php?id=61585442184507', '_blank', 'Social', NULL, 'facebook', 1, NULL, '2026-02-02 21:06:51', '2026-02-02 21:06:51'),
(10, NULL, NULL, 'social-menu', 'social-menu-menu', 1, 'https://www.youtube.com/@BinTurkiGroup', '_blank', 'Social', NULL, 'youtube', 1, NULL, '2026-02-02 21:08:36', '2026-02-02 21:23:11'),
(11, NULL, NULL, 'social-menu', 'social-menu-menu', 1, 'https://x.com/BinTurkiGroup', '_blank', 'Social', NULL, 'x', 1, NULL, '2026-02-02 21:13:24', '2026-02-02 21:13:24'),
(12, NULL, NULL, 'social-menu', 'social-menu-menu', 1, 'https://www.youtube.com/@BinTurkiGroup', '_blank', 'Social', NULL, 'youtube', 1, NULL, '2026-02-02 21:23:54', '2026-02-02 21:23:54'),
(13, NULL, NULL, 'main-menu', 'main-menu-menu', 4, '/blog', '_self', 'Block', NULL, NULL, 1, 'Blog', '2026-02-03 09:11:11', '2026-02-03 09:11:28');

-- --------------------------------------------------------

--
-- Table structure for table `menu_translations`
--

CREATE TABLE `menu_translations` (
  `id` bigint(20) UNSIGNED NOT NULL,
  `menu_id` bigint(20) UNSIGNED NOT NULL,
  `name` varchar(255) NOT NULL,
  `slug` varchar(255) NOT NULL,
  `html_text` varchar(255) DEFAULT NULL,
  `language` varchar(255) NOT NULL,
  `is_active` tinyint(1) NOT NULL DEFAULT 1,
  `created_at` timestamp NULL DEFAULT NULL,
  `updated_at` timestamp NULL DEFAULT NULL
) ENGINE=InnoDB DEFAULT CHARSET=utf8mb4 COLLATE=utf8mb4_unicode_ci;

--
-- Dumping data for table `menu_translations`
--

INSERT INTO `menu_translations` (`id`, `menu_id`, `name`, `slug`, `html_text`, `language`, `is_active`, `created_at`, `updated_at`) VALUES
(1, 1, 'الصفحة الرئيسية', 'الصفحة-الرئيسية', NULL, 'ar', 1, '2026-01-22 15:20:50', '2026-01-22 15:20:50'),
(2, 1, 'Home', 'home', NULL, 'en', 1, '2026-01-22 15:20:50', '2026-01-22 15:20:50'),
(3, 2, 'الباقات', 'الباقات', NULL, 'ar', 1, '2026-01-22 15:21:31', '2026-01-22 15:21:31'),
(4, 2, 'Packages', 'packages', NULL, 'en', 1, '2026-01-22 15:21:31', '2026-01-22 15:21:31'),
(5, 3, 'الرحلات', 'الرحلات', NULL, 'ar', 1, '2026-01-22 15:21:46', '2026-01-22 15:21:46'),
(6, 3, 'Trips', 'trips', NULL, 'en', 1, '2026-01-22 15:21:46', '2026-01-22 15:21:46'),
(7, 4, 'مواعيد الرحلات', 'مواعيد-الرحلات', NULL, 'ar', 1, '2026-01-22 15:22:33', '2026-01-22 15:22:33'),
(8, 4, 'Calendar', 'calendar', NULL, 'en', 1, '2026-01-22 15:22:33', '2026-01-22 15:22:33'),
(9, 5, 'من نحن', 'من-نحن', NULL, 'ar', 1, '2026-01-22 15:22:50', '2026-01-22 15:22:50'),
(10, 5, 'About', 'about', NULL, 'en', 1, '2026-01-22 15:22:50', '2026-01-22 15:22:50'),
(11, 6, 'اتصل بنا', 'اتصل-بنا', NULL, 'ar', 1, '2026-01-22 15:23:14', '2026-01-22 15:23:14'),
(12, 6, 'Contact', 'contact', NULL, 'en', 1, '2026-01-22 15:23:14', '2026-01-22 15:23:14'),
(13, 7, 'الإيميل', 'الإيميل', NULL, 'ar', 1, '2026-02-01 20:10:29', '2026-02-01 20:10:29'),
(14, 7, 'Email', 'email', NULL, 'en', 1, '2026-02-01 20:10:29', '2026-02-01 20:10:29'),
(15, 8, 'الموبايل', 'الموبايل', NULL, 'ar', 1, '2026-02-01 20:12:30', '2026-02-01 20:12:30'),
(16, 8, 'Mobile', 'mobile', NULL, 'en', 1, '2026-02-01 20:12:30', '2026-02-01 20:12:30'),
(17, 9, 'facebook', 'فيسبوك', NULL, 'ar', 1, '2026-02-02 21:06:51', '2026-02-02 21:13:40'),
(18, 9, 'facebook', 'facebook', NULL, 'en', 1, '2026-02-02 21:06:51', '2026-02-02 21:13:40'),
(19, 10, 'youtube', 'إنستغرام', NULL, 'ar', 1, '2026-02-02 21:08:36', '2026-02-02 21:23:11'),
(20, 10, 'youtube', 'instagram', NULL, 'en', 1, '2026-02-02 21:08:36', '2026-02-02 21:23:11'),
(21, 11, 'twitter', 'twitter', NULL, 'ar', 1, '2026-02-02 21:13:24', '2026-02-02 21:13:24'),
(22, 11, 'twitter', 'twitter-2', NULL, 'en', 1, '2026-02-02 21:13:24', '2026-02-02 21:13:24'),
(23, 12, 'youtube', 'youtube', NULL, 'ar', 1, '2026-02-02 21:23:54', '2026-02-02 21:23:54'),
(24, 12, 'youtube', 'youtube-2', NULL, 'en', 1, '2026-02-02 21:23:54', '2026-02-02 21:23:54'),
(25, 13, 'المقالات', 'المقالات', NULL, 'ar', 1, '2026-02-03 09:11:11', '2026-02-03 09:11:11'),
(26, 13, 'Blogs', 'blogs', NULL, 'en', 1, '2026-02-03 09:11:11', '2026-02-03 09:11:11');

-- --------------------------------------------------------

--
-- Stand-in structure for view `menu_view`
-- (See below for the actual view)
--
CREATE TABLE `menu_view` (
`menu_id` bigint(20) unsigned
,`parent_id` bigint(20) unsigned
,`parent_name` varchar(255)
,`category` varchar(255)
,`menu_name` varchar(255)
,`name` varchar(255)
,`slug` varchar(255)
,`html_text` varchar(255)
,`language` varchar(255)
,`menu_order` int(11)
,`menu_url` varchar(255)
,`target` varchar(255)
,`type` varchar(255)
,`file` varchar(255)
,`image` varchar(255)
,`is_active` tinyint(1)
,`block_type` varchar(255)
,`url` varchar(255)
,`file_name` varchar(255)
,`file_description` longblob
,`is_image` tinyint(1)
,`is_cover` tinyint(1)
);

-- --------------------------------------------------------

--
-- Table structure for table `migrations`
--

CREATE TABLE `migrations` (
  `id` int(10) UNSIGNED NOT NULL,
  `migration` varchar(255) NOT NULL,
  `batch` int(11) NOT NULL
) ENGINE=InnoDB DEFAULT CHARSET=utf8mb4 COLLATE=utf8mb4_unicode_ci;

--
-- Dumping data for table `migrations`
--

INSERT INTO `migrations` (`id`, `migration`, `batch`) VALUES
(1, '0001_01_01_000000_create_users_table', 1),
(2, '0001_01_01_000001_create_cache_table', 1),
(3, '0001_01_01_000002_create_jobs_table', 1),
(4, '2019_12_14_000001_create_personal_access_tokens_table', 1),
(5, '2023_10_20_223552_create_languages_table', 1),
(6, '2023_10_20_233818_create_files_table', 1),
(7, '2023_12_23_225308_create_blocks_table', 1),
(8, '2023_12_23_225309_create_block_translations_table', 1),
(9, '2023_12_23_225830_create_menus_table', 1),
(10, '2023_12_23_225831_create_menu_translations_table', 1),
(11, '2024_01_06_015235_create_customers_table', 1),
(12, '2024_01_06_015406_create_admins_table', 1),
(13, '2024_02_09_023236_create_block_views_table', 1),
(14, '2024_02_09_023300_create_menu_views_table', 1),
(15, '2024_04_29_134957_create_customer_views_table', 1),
(16, '2024_04_29_135009_create_admin_views_table', 1),
(17, '2025_08_18_130112_create_links_table', 1),
(18, '2025_11_24_054345_create_leads_table', 1),
(19, '2025_12_06_055928_create_contacts_table', 1),
(20, '2026_01_15_201208_create_trips_table', 1),
(21, '2026_01_15_201246_create_appointments_table', 1),
(22, '2026_01_15_201319_create_trip_tags_table', 1),
(23, '2026_01_25_210030_trip_features', 2);

-- --------------------------------------------------------

--
-- Table structure for table `password_reset_tokens`
--

CREATE TABLE `password_reset_tokens` (
  `email` varchar(255) NOT NULL,
  `token` varchar(255) NOT NULL,
  `created_at` timestamp NULL DEFAULT NULL
) ENGINE=InnoDB DEFAULT CHARSET=utf8mb4 COLLATE=utf8mb4_unicode_ci;

-- --------------------------------------------------------

--
-- Table structure for table `personal_access_tokens`
--

CREATE TABLE `personal_access_tokens` (
  `id` bigint(20) UNSIGNED NOT NULL,
  `tokenable_type` varchar(255) NOT NULL,
  `tokenable_id` bigint(20) UNSIGNED NOT NULL,
  `name` varchar(255) NOT NULL,
  `token` varchar(64) NOT NULL,
  `abilities` text DEFAULT NULL,
  `last_used_at` timestamp NULL DEFAULT NULL,
  `expires_at` timestamp NULL DEFAULT NULL,
  `created_at` timestamp NULL DEFAULT NULL,
  `updated_at` timestamp NULL DEFAULT NULL
) ENGINE=InnoDB DEFAULT CHARSET=utf8mb4 COLLATE=utf8mb4_unicode_ci;

-- --------------------------------------------------------

--
-- Table structure for table `sessions`
--

CREATE TABLE `sessions` (
  `id` varchar(255) NOT NULL,
  `user_id` bigint(20) UNSIGNED DEFAULT NULL,
  `ip_address` varchar(45) DEFAULT NULL,
  `user_agent` text DEFAULT NULL,
  `payload` longtext NOT NULL,
  `last_activity` int(11) NOT NULL
) ENGINE=InnoDB DEFAULT CHARSET=utf8mb4 COLLATE=utf8mb4_unicode_ci;

-- --------------------------------------------------------

--
-- Table structure for table `trips`
--

CREATE TABLE `trips` (
  `id` bigint(20) UNSIGNED NOT NULL,
  `block_id` bigint(20) UNSIGNED NOT NULL,
  `city_id` bigint(20) UNSIGNED DEFAULT NULL,
  `price` decimal(8,2) DEFAULT NULL,
  `max_guests` int(11) DEFAULT NULL,
  `min_age` int(11) DEFAULT NULL,
  `package` varchar(255) DEFAULT NULL,
  `duration` double DEFAULT NULL,
  `unit` varchar(255) DEFAULT NULL,
  `created_at` timestamp NULL DEFAULT NULL,
  `updated_at` timestamp NULL DEFAULT NULL,
  `included_features` longblob DEFAULT NULL,
  `excluded_features` longblob DEFAULT NULL
) ENGINE=InnoDB DEFAULT CHARSET=utf8mb4 COLLATE=utf8mb4_unicode_ci;

--
-- Dumping data for table `trips`
--

INSERT INTO `trips` (`id`, `block_id`, `city_id`, `price`, `max_guests`, `min_age`, `package`, `duration`, `unit`, `created_at`, `updated_at`, `included_features`, `excluded_features`) VALUES
(1, 39, 33, 1200.00, 15, 6, 'Standard Package', 4, 'Hour', '2026-01-22 14:49:25', '2026-01-22 14:49:25', NULL, NULL),
(2, 40, 32, 1350.00, 10, 5, 'Deluxe Package', 6, 'Hour', '2026-01-22 14:52:26', '2026-01-22 15:12:00', NULL, NULL),
(3, 41, 36, 1200.00, 15, 6, NULL, 5, 'Hour', '2026-01-22 14:55:45', '2026-01-22 14:55:45', NULL, NULL),
(4, 42, 37, 13000.00, 4, 8, 'VIP Dream Package', 3, 'Day', '2026-01-22 14:59:03', '2026-01-22 14:59:03', NULL, NULL),
(5, 43, 33, 4500.00, 12, 10, NULL, 4, 'Hour', '2026-01-22 15:02:49', '2026-01-22 15:02:49', NULL, NULL),
(6, 44, 38, 980.00, 12, 8, NULL, 3, 'Hour', '2026-01-22 15:06:00', '2026-01-22 15:06:00', NULL, NULL),
(7, 45, 35, 890.00, 20, 4, NULL, 2.5, 'Hour', '2026-01-22 15:09:12', '2026-01-22 15:09:12', NULL, NULL),
(8, 46, 34, 1650.00, 8, 12, 'Adventure Package', 8, 'Hour', '2026-01-22 15:16:19', '2026-01-22 15:16:19', NULL, NULL);

-- --------------------------------------------------------

--
-- Table structure for table `trip_tags`
--

CREATE TABLE `trip_tags` (
  `id` bigint(20) UNSIGNED NOT NULL,
  `trip_id` bigint(20) UNSIGNED NOT NULL,
  `tag_id` bigint(20) UNSIGNED NOT NULL,
  `created_at` timestamp NULL DEFAULT NULL,
  `updated_at` timestamp NULL DEFAULT NULL
) ENGINE=InnoDB DEFAULT CHARSET=utf8mb4 COLLATE=utf8mb4_unicode_ci;

--
-- Dumping data for table `trip_tags`
--

INSERT INTO `trip_tags` (`id`, `trip_id`, `tag_id`, `created_at`, `updated_at`) VALUES
(1, 39, 10, NULL, NULL),
(2, 39, 25, NULL, NULL),
(3, 39, 27, NULL, NULL),
(4, 40, 10, NULL, NULL),
(5, 40, 18, NULL, NULL),
(6, 40, 12, NULL, NULL),
(7, 41, 9, NULL, NULL),
(8, 41, 16, NULL, NULL),
(9, 41, 7, NULL, NULL),
(10, 41, 28, NULL, NULL),
(11, 42, 29, NULL, NULL),
(12, 42, 17, NULL, NULL),
(13, 42, 15, NULL, NULL),
(14, 42, 31, NULL, NULL),
(15, 42, 1, NULL, NULL),
(16, 43, 31, NULL, NULL),
(17, 43, 22, NULL, NULL),
(18, 43, 17, NULL, NULL),
(19, 43, 30, NULL, NULL),
(20, 44, 26, NULL, NULL),
(21, 44, 21, NULL, NULL),
(22, 44, 20, NULL, NULL),
(23, 44, 4, NULL, NULL),
(24, 45, 8, NULL, NULL),
(25, 45, 11, NULL, NULL),
(26, 45, 24, NULL, NULL),
(27, 45, 6, NULL, NULL),
(28, 46, 2, NULL, NULL),
(29, 46, 13, NULL, NULL),
(30, 46, 23, NULL, NULL),
(31, 46, 5, NULL, NULL),
(32, 46, 19, NULL, NULL);

-- --------------------------------------------------------

--
-- Table structure for table `users`
--

CREATE TABLE `users` (
  `id` bigint(20) UNSIGNED NOT NULL,
  `reference_id` int(10) UNSIGNED NOT NULL,
  `reference_type` varchar(255) NOT NULL,
  `email` varchar(255) NOT NULL,
  `email_verified_at` timestamp NULL DEFAULT NULL,
  `password` varchar(255) DEFAULT NULL,
  `avatar` varchar(255) DEFAULT NULL,
  `is_active` tinyint(1) NOT NULL DEFAULT 1,
  `remember_token` varchar(100) DEFAULT NULL,
  `created_at` timestamp NULL DEFAULT NULL,
  `updated_at` timestamp NULL DEFAULT NULL
) ENGINE=InnoDB DEFAULT CHARSET=utf8mb4 COLLATE=utf8mb4_unicode_ci;

--
-- Dumping data for table `users`
--

INSERT INTO `users` (`id`, `reference_id`, `reference_type`, `email`, `email_verified_at`, `password`, `avatar`, `is_active`, `remember_token`, `created_at`, `updated_at`) VALUES
(1, 1, 'App\\Models\\Admin', 'feras@email.com', NULL, '$2y$12$X8szZkjy8FZh8O1GjVVXte05vU5TGdImGgQwDtPjCh20YjQby/yPa', NULL, 1, NULL, '2026-01-22 14:29:29', '2026-01-22 14:29:29');

-- --------------------------------------------------------

--
-- Structure for view `admins_view`
--
DROP TABLE IF EXISTS `admins_view`;

CREATE ALGORITHM=UNDEFINED DEFINER=`root`@`localhost` SQL SECURITY DEFINER VIEW `admins_view`  AS SELECT `users`.`id` AS `user_id`, `admins`.`id` AS `admin_id`, `admins`.`first_name` AS `first_name`, `admins`.`last_name` AS `last_name`, `admins`.`role` AS `role`, `users`.`email` AS `email`, `users`.`avatar` AS `avatar`, `users`.`is_active` AS `is_active`, `users`.`created_at` AS `created_at` FROM (`users` join `admins`) WHERE `users`.`reference_type` = 'Modules\\User\\Entities\\Admin' AND `users`.`reference_id` = `admins`.`id` ;

-- --------------------------------------------------------

--
-- Structure for view `blocks_view`
--
DROP TABLE IF EXISTS `blocks_view`;

CREATE ALGORITHM=UNDEFINED DEFINER=`root`@`localhost` SQL SECURITY DEFINER VIEW `blocks_view`  AS SELECT `block_info`.`block_id` AS `block_id`, `block_info`.`parent_id` AS `parent_id`, `block_info`.`translation_id` AS `translation_id`, `block_info`.`file_id` AS `file_id`, `block_info`.`category` AS `category`, `block_info`.`order` AS `order`, `block_info`.`is_active` AS `is_active`, `block_info`.`start_date` AS `start_date`, `block_info`.`end_date` AS `end_date`, `block_info`.`name` AS `name`, `parent_trans`.`name` AS `parent_name`, `block_info`.`description` AS `description`, `block_info`.`slug` AS `slug`, `block_info`.`language` AS `language`, `block_info`.`url` AS `url`, `block_info`.`file_name` AS `file_name`, `block_info`.`file_description` AS `file_description`, `block_info`.`is_image` AS `is_image`, `block_info`.`is_cover` AS `is_cover` FROM ((select `blocks`.`id` AS `block_id`,`blocks`.`parent_id` AS `parent_id`,`trans`.`id` AS `translation_id`,`fl`.`id` AS `file_id`,`blocks`.`category` AS `category`,`blocks`.`order` AS `order`,`blocks`.`is_active` AS `is_active`,`blocks`.`start_date` AS `start_date`,`blocks`.`end_date` AS `end_date`,`trans`.`name` AS `name`,`trans`.`description` AS `description`,`trans`.`slug` AS `slug`,`trans`.`language` AS `language`,`fl`.`url` AS `url`,`fl`.`name` AS `file_name`,`fl`.`description` AS `file_description`,`fl`.`is_image` AS `is_image`,`fl`.`is_cover` AS `is_cover` from ((`blocks` left join `files` `fl` on(`fl`.`reference_type` = 'Modules\\Website\\Entities\\Block' and `fl`.`reference_id` = `blocks`.`id`)) join `block_translations` `trans`) where `blocks`.`id` = `trans`.`block_id`) `block_info` left join `block_translations` `parent_trans` on(`block_info`.`parent_id` = `parent_trans`.`block_id` and `block_info`.`language` = `parent_trans`.`language`)) ORDER BY `block_info`.`order` ASC, `block_info`.`category` ASC ;

-- --------------------------------------------------------

--
-- Structure for view `customers_view`
--
DROP TABLE IF EXISTS `customers_view`;

CREATE ALGORITHM=UNDEFINED DEFINER=`root`@`localhost` SQL SECURITY DEFINER VIEW `customers_view`  AS SELECT `users`.`id` AS `user_id`, `customers`.`id` AS `customer_id`, `customers`.`name` AS `name`, `users`.`email` AS `email`, `users`.`avatar` AS `avatar`, `users`.`is_active` AS `is_active`, `users`.`created_at` AS `created_at` FROM (`users` join `customers`) WHERE `users`.`reference_type` = 'Modules\\User\\Entities\\Customer' AND `users`.`reference_id` = `customers`.`id` ;

-- --------------------------------------------------------

--
-- Structure for view `menu_view`
--
DROP TABLE IF EXISTS `menu_view`;

CREATE ALGORITHM=UNDEFINED DEFINER=`root`@`localhost` SQL SECURITY DEFINER VIEW `menu_view`  AS SELECT `menu_info`.`menu_id` AS `menu_id`, `menu_info`.`parent_id` AS `parent_id`, `parent_trans`.`name` AS `parent_name`, `menu_info`.`category` AS `category`, `menu_info`.`menu_name` AS `menu_name`, `menu_info`.`name` AS `name`, `menu_info`.`slug` AS `slug`, `menu_info`.`html_text` AS `html_text`, `menu_info`.`language` AS `language`, `menu_info`.`menu_order` AS `menu_order`, `menu_info`.`menu_url` AS `menu_url`, `menu_info`.`target` AS `target`, `menu_info`.`type` AS `type`, `menu_info`.`file` AS `file`, `menu_info`.`image` AS `image`, `menu_info`.`is_active` AS `is_active`, `menu_info`.`block_type` AS `block_type`, `menu_info`.`url` AS `url`, `menu_info`.`file_name` AS `file_name`, `menu_info`.`file_description` AS `file_description`, `menu_info`.`is_image` AS `is_image`, `menu_info`.`is_cover` AS `is_cover` FROM ((select `menus`.`id` AS `menu_id`,`menus`.`category` AS `category`,`menus`.`parent_id` AS `parent_id`,`menus`.`name` AS `menu_name`,`trans`.`name` AS `name`,`trans`.`slug` AS `slug`,`trans`.`html_text` AS `html_text`,`trans`.`language` AS `language`,`menus`.`level_order` AS `menu_order`,`menus`.`url` AS `menu_url`,`menus`.`target` AS `target`,`menus`.`type` AS `type`,`menus`.`file` AS `file`,`menus`.`image` AS `image`,`menus`.`is_active` AS `is_active`,`menus`.`block_type` AS `block_type`,`fl`.`url` AS `url`,`fl`.`name` AS `file_name`,`fl`.`description` AS `file_description`,`fl`.`is_image` AS `is_image`,`fl`.`is_cover` AS `is_cover` from ((`menus` left join `files` `fl` on(`fl`.`reference_type` = 'Modules\\Website\\Entities\\Menu' and `fl`.`reference_id` = `menus`.`id`)) join `menu_translations` `trans`) where `menus`.`id` = `trans`.`menu_id`) `menu_info` left join `menu_translations` `parent_trans` on(`menu_info`.`parent_id` = `parent_trans`.`menu_id` and `menu_info`.`language` = `parent_trans`.`language`)) ORDER BY `menu_info`.`menu_order` ASC, `menu_info`.`category` ASC ;

--
-- Indexes for dumped tables
--

--
-- Indexes for table `admins`
--
ALTER TABLE `admins`
  ADD PRIMARY KEY (`id`);

--
-- Indexes for table `appointments`
--
ALTER TABLE `appointments`
  ADD PRIMARY KEY (`id`),
  ADD KEY `appointments_block_id_foreign` (`block_id`);

--
-- Indexes for table `blocks`
--
ALTER TABLE `blocks`
  ADD PRIMARY KEY (`id`),
  ADD KEY `blocks_parent_id_foreign` (`parent_id`);

--
-- Indexes for table `block_translations`
--
ALTER TABLE `block_translations`
  ADD PRIMARY KEY (`id`),
  ADD KEY `block_translations_block_id_foreign` (`block_id`);

--
-- Indexes for table `cache`
--
ALTER TABLE `cache`
  ADD PRIMARY KEY (`key`);

--
-- Indexes for table `cache_locks`
--
ALTER TABLE `cache_locks`
  ADD PRIMARY KEY (`key`);

--
-- Indexes for table `contacts`
--
ALTER TABLE `contacts`
  ADD PRIMARY KEY (`id`),
  ADD KEY `contacts_agent_id_foreign` (`agent_id`);

--
-- Indexes for table `customers`
--
ALTER TABLE `customers`
  ADD PRIMARY KEY (`id`);

--
-- Indexes for table `failed_jobs`
--
ALTER TABLE `failed_jobs`
  ADD PRIMARY KEY (`id`),
  ADD UNIQUE KEY `failed_jobs_uuid_unique` (`uuid`);

--
-- Indexes for table `files`
--
ALTER TABLE `files`
  ADD PRIMARY KEY (`id`),
  ADD KEY `reference` (`reference_id`,`reference_type`);

--
-- Indexes for table `jobs`
--
ALTER TABLE `jobs`
  ADD PRIMARY KEY (`id`),
  ADD KEY `jobs_queue_index` (`queue`);

--
-- Indexes for table `job_batches`
--
ALTER TABLE `job_batches`
  ADD PRIMARY KEY (`id`);

--
-- Indexes for table `languages`
--
ALTER TABLE `languages`
  ADD PRIMARY KEY (`id`);

--
-- Indexes for table `leads`
--
ALTER TABLE `leads`
  ADD PRIMARY KEY (`id`),
  ADD UNIQUE KEY `leads_reference_id_reference_type_unique` (`reference_id`,`reference_type`);

--
-- Indexes for table `links`
--
ALTER TABLE `links`
  ADD PRIMARY KEY (`id`),
  ADD KEY `links_project_id_foreign` (`project_id`);

--
-- Indexes for table `menus`
--
ALTER TABLE `menus`
  ADD PRIMARY KEY (`id`),
  ADD KEY `menus_parent_id_foreign` (`parent_id`);

--
-- Indexes for table `menu_translations`
--
ALTER TABLE `menu_translations`
  ADD PRIMARY KEY (`id`),
  ADD KEY `menu_translations_menu_id_foreign` (`menu_id`);

--
-- Indexes for table `migrations`
--
ALTER TABLE `migrations`
  ADD PRIMARY KEY (`id`);

--
-- Indexes for table `password_reset_tokens`
--
ALTER TABLE `password_reset_tokens`
  ADD PRIMARY KEY (`email`);

--
-- Indexes for table `personal_access_tokens`
--
ALTER TABLE `personal_access_tokens`
  ADD PRIMARY KEY (`id`),
  ADD UNIQUE KEY `personal_access_tokens_token_unique` (`token`),
  ADD KEY `personal_access_tokens_tokenable_type_tokenable_id_index` (`tokenable_type`,`tokenable_id`);

--
-- Indexes for table `sessions`
--
ALTER TABLE `sessions`
  ADD PRIMARY KEY (`id`),
  ADD KEY `sessions_user_id_index` (`user_id`),
  ADD KEY `sessions_last_activity_index` (`last_activity`);

--
-- Indexes for table `trips`
--
ALTER TABLE `trips`
  ADD PRIMARY KEY (`id`),
  ADD KEY `trips_block_id_foreign` (`block_id`),
  ADD KEY `trips_city_id_foreign` (`city_id`);

--
-- Indexes for table `trip_tags`
--
ALTER TABLE `trip_tags`
  ADD PRIMARY KEY (`id`),
  ADD KEY `trip_tags_trip_id_foreign` (`trip_id`),
  ADD KEY `trip_tags_tag_id_foreign` (`tag_id`);

--
-- Indexes for table `users`
--
ALTER TABLE `users`
  ADD PRIMARY KEY (`id`),
  ADD UNIQUE KEY `users_email_unique` (`email`),
  ADD KEY `reference` (`reference_id`,`reference_type`);

--
-- AUTO_INCREMENT for dumped tables
--

--
-- AUTO_INCREMENT for table `admins`
--
ALTER TABLE `admins`
  MODIFY `id` bigint(20) UNSIGNED NOT NULL AUTO_INCREMENT, AUTO_INCREMENT=2;

--
-- AUTO_INCREMENT for table `appointments`
--
ALTER TABLE `appointments`
  MODIFY `id` bigint(20) UNSIGNED NOT NULL AUTO_INCREMENT, AUTO_INCREMENT=11;

--
-- AUTO_INCREMENT for table `blocks`
--
ALTER TABLE `blocks`
  MODIFY `id` bigint(20) UNSIGNED NOT NULL AUTO_INCREMENT, AUTO_INCREMENT=55;

--
-- AUTO_INCREMENT for table `block_translations`
--
ALTER TABLE `block_translations`
  MODIFY `id` bigint(20) UNSIGNED NOT NULL AUTO_INCREMENT, AUTO_INCREMENT=109;

--
-- AUTO_INCREMENT for table `contacts`
--
ALTER TABLE `contacts`
  MODIFY `id` bigint(20) UNSIGNED NOT NULL AUTO_INCREMENT;

--
-- AUTO_INCREMENT for table `customers`
--
ALTER TABLE `customers`
  MODIFY `id` bigint(20) UNSIGNED NOT NULL AUTO_INCREMENT;

--
-- AUTO_INCREMENT for table `failed_jobs`
--
ALTER TABLE `failed_jobs`
  MODIFY `id` bigint(20) UNSIGNED NOT NULL AUTO_INCREMENT;

--
-- AUTO_INCREMENT for table `files`
--
ALTER TABLE `files`
  MODIFY `id` bigint(20) UNSIGNED NOT NULL AUTO_INCREMENT, AUTO_INCREMENT=28;

--
-- AUTO_INCREMENT for table `jobs`
--
ALTER TABLE `jobs`
  MODIFY `id` bigint(20) UNSIGNED NOT NULL AUTO_INCREMENT;

--
-- AUTO_INCREMENT for table `languages`
--
ALTER TABLE `languages`
  MODIFY `id` bigint(20) UNSIGNED NOT NULL AUTO_INCREMENT, AUTO_INCREMENT=3;

--
-- AUTO_INCREMENT for table `leads`
--
ALTER TABLE `leads`
  MODIFY `id` bigint(20) UNSIGNED NOT NULL AUTO_INCREMENT;

--
-- AUTO_INCREMENT for table `links`
--
ALTER TABLE `links`
  MODIFY `id` bigint(20) UNSIGNED NOT NULL AUTO_INCREMENT;

--
-- AUTO_INCREMENT for table `menus`
--
ALTER TABLE `menus`
  MODIFY `id` bigint(20) UNSIGNED NOT NULL AUTO_INCREMENT, AUTO_INCREMENT=14;

--
-- AUTO_INCREMENT for table `menu_translations`
--
ALTER TABLE `menu_translations`
  MODIFY `id` bigint(20) UNSIGNED NOT NULL AUTO_INCREMENT, AUTO_INCREMENT=27;

--
-- AUTO_INCREMENT for table `migrations`
--
ALTER TABLE `migrations`
  MODIFY `id` int(10) UNSIGNED NOT NULL AUTO_INCREMENT, AUTO_INCREMENT=24;

--
-- AUTO_INCREMENT for table `personal_access_tokens`
--
ALTER TABLE `personal_access_tokens`
  MODIFY `id` bigint(20) UNSIGNED NOT NULL AUTO_INCREMENT;

--
-- AUTO_INCREMENT for table `trips`
--
ALTER TABLE `trips`
  MODIFY `id` bigint(20) UNSIGNED NOT NULL AUTO_INCREMENT, AUTO_INCREMENT=9;

--
-- AUTO_INCREMENT for table `trip_tags`
--
ALTER TABLE `trip_tags`
  MODIFY `id` bigint(20) UNSIGNED NOT NULL AUTO_INCREMENT, AUTO_INCREMENT=33;

--
-- AUTO_INCREMENT for table `users`
--
ALTER TABLE `users`
  MODIFY `id` bigint(20) UNSIGNED NOT NULL AUTO_INCREMENT, AUTO_INCREMENT=2;

--
-- Constraints for dumped tables
--

--
-- Constraints for table `appointments`
--
ALTER TABLE `appointments`
  ADD CONSTRAINT `appointments_block_id_foreign` FOREIGN KEY (`block_id`) REFERENCES `blocks` (`id`) ON DELETE CASCADE ON UPDATE CASCADE;

--
-- Constraints for table `blocks`
--
ALTER TABLE `blocks`
  ADD CONSTRAINT `blocks_parent_id_foreign` FOREIGN KEY (`parent_id`) REFERENCES `blocks` (`id`) ON DELETE CASCADE ON UPDATE CASCADE;

--
-- Constraints for table `block_translations`
--
ALTER TABLE `block_translations`
  ADD CONSTRAINT `block_translations_block_id_foreign` FOREIGN KEY (`block_id`) REFERENCES `blocks` (`id`) ON DELETE CASCADE ON UPDATE CASCADE;

--
-- Constraints for table `contacts`
--
ALTER TABLE `contacts`
  ADD CONSTRAINT `contacts_agent_id_foreign` FOREIGN KEY (`agent_id`) REFERENCES `blocks` (`id`) ON DELETE CASCADE ON UPDATE CASCADE;

--
-- Constraints for table `links`
--
ALTER TABLE `links`
  ADD CONSTRAINT `links_project_id_foreign` FOREIGN KEY (`project_id`) REFERENCES `blocks` (`id`) ON DELETE CASCADE ON UPDATE CASCADE;

--
-- Constraints for table `menus`
--
ALTER TABLE `menus`
  ADD CONSTRAINT `menus_parent_id_foreign` FOREIGN KEY (`parent_id`) REFERENCES `menus` (`id`) ON DELETE CASCADE ON UPDATE CASCADE;

--
-- Constraints for table `menu_translations`
--
ALTER TABLE `menu_translations`
  ADD CONSTRAINT `menu_translations_menu_id_foreign` FOREIGN KEY (`menu_id`) REFERENCES `menus` (`id`) ON DELETE CASCADE ON UPDATE CASCADE;

--
-- Constraints for table `trips`
--
ALTER TABLE `trips`
  ADD CONSTRAINT `trips_block_id_foreign` FOREIGN KEY (`block_id`) REFERENCES `blocks` (`id`) ON DELETE CASCADE ON UPDATE CASCADE,
  ADD CONSTRAINT `trips_city_id_foreign` FOREIGN KEY (`city_id`) REFERENCES `blocks` (`id`) ON DELETE SET NULL ON UPDATE CASCADE;

--
-- Constraints for table `trip_tags`
--
ALTER TABLE `trip_tags`
  ADD CONSTRAINT `trip_tags_tag_id_foreign` FOREIGN KEY (`tag_id`) REFERENCES `blocks` (`id`) ON DELETE CASCADE ON UPDATE CASCADE,
  ADD CONSTRAINT `trip_tags_trip_id_foreign` FOREIGN KEY (`trip_id`) REFERENCES `blocks` (`id`) ON DELETE CASCADE ON UPDATE CASCADE;
COMMIT;

/*!40101 SET CHARACTER_SET_CLIENT=@OLD_CHARACTER_SET_CLIENT */;
/*!40101 SET CHARACTER_SET_RESULTS=@OLD_CHARACTER_SET_RESULTS */;
/*!40101 SET COLLATION_CONNECTION=@OLD_COLLATION_CONNECTION */;
